srcid,Q1,Q2,Q4,Q6a,Q6b,Q6c,Q6d,Q7a,Q7b,Q7c,Q7d,Q7e,Q10a,Q10b,Q10c,Q10d,sDevType,sOSName,gender
32,2,19,3,3,4,4,4,3,3,3,4,2,2,2,5,2,0,12,2
275,2,11,1,2,2,2,2,1,1,3,1,2,4,4,4,1,2,6,2
1180,2,-99,3,-99,4,3,4,3,3,3,3,2,4,4,4,4,1,1,2
1600,2,19,3,4,2,2,2,1,1,1,1,1,4,1,1,1,1,1,2
840,4,16,3,3,2,2,2,1,2,2,1,1,2,2,4,1,0,12,1
1483,2,11,2,3,4,3,2,2,2,3,2,2,2,2,2,2,1,1,2
3,4,5,1,2,2,2,2,1,1,1,1,1,4,4,5,5,-1,-1,2
1635,2,2,3,4,4,3,4,2,2,2,2,2,4,4,4,2,0,12,1
1604,2,13,3,5,5,2,5,1,1,1,2,1,4,4,4,4,-1,-1,2
21,4,11,2,5,2,5,4,4,1,1,1,1,1,1,3,1,-1,-1,2
2023,2,1,-98,4,4,3,3,3,3,4,4,4,1,2,2,4,0,12,2
1789,4,11,4,4,3,3,3,2,2,2,2,1,4,4,4,2,0,12,2
780,2,16,96,2,3,2,2,2,2,1,3,2,2,4,4,2,1,6,2
859,2,28,96,4,4,4,3,4,3,3,3,3,4,4,4,4,0,12,2
733,2,4,1,4,4,4,4,2,2,2,3,2,2,4,2,4,0,12,1
2355,1,1,1,5,5,5,5,3,1,4,2,2,4,5,5,5,-1,-1,2
750,5,19,1,3,3,3,2,2,2,2,2,2,4,4,4,4,1,6,1
1538,2,-98,96,3,2,3,2,1,1,3,2,2,4,4,4,2,0,12,2
2607,2,16,1,3,3,3,2,2,2,2,2,1,2,4,4,1,-1,-1,2
1052,3,36,8,4,3,2,2,2,2,2,1,1,3,4,4,4,-1,-1,2
977,4,11,3,3,2,3,2,2,2,1,2,1,5,5,5,1,0,12,2
466,4,13,1,4,4,5,2,3,2,3,3,1,2,4,4,2,-1,-1,2
537,4,13,1,5,3,4,3,3,1,2,3,3,2,2,4,1,-1,-1,2
1271,4,11,96,5,2,2,5,1,1,1,3,1,2,2,2,2,0,8,2
293,2,13,-98,3,4,4,5,2,2,3,3,3,2,2,2,2,0,12,2
2498,4,16,1,3,3,3,3,4,4,4,4,4,4,4,4,4,0,12,1
656,2,19,3,1,1,2,1,1,1,2,2,1,4,4,4,1,1,6,1
1324,1,1,1,5,4,5,5,1,1,3,1,3,4,5,4,2,-1,-1,1
464,5,19,96,4,2,2,3,3,3,3,4,2,5,5,5,1,-1,-1,1
199,2,11,1,3,3,3,3,3,1,1,2,1,4,2,2,2,1,6,2
1233,2,1,3,2,1,4,4,2,2,4,4,1,2,4,4,2,-1,-1,2
1428,2,30,3,4,2,4,2,3,3,4,3,3,2,2,2,2,1,6,2
2468,2,5,3,5,4,4,4,1,1,2,2,2,4,4,4,2,0,12,2
1774,4,20,3,3,3,3,2,3,2,2,3,2,4,4,4,2,0,8,2
103,3,96,1,5,4,3,3,1,1,1,1,1,1,3,3,1,-1,-1,2
1137,1,28,1,2,2,3,2,1,1,3,2,1,2,4,5,5,-1,-1,2
215,4,11,1,2,1,3,1,3,3,2,3,2,1,2,4,2,0,12,1
4,5,29,1,2,2,4,4,4,3,4,4,3,5,5,5,5,-1,-1,2
1329,4,11,4,2,4,3,2,2,2,2,3,2,2,4,5,2,0,12,1
2384,4,28,3,3,1,2,2,1,1,2,3,1,1,1,2,2,0,12,1
772,5,16,5,1,1,1,1,1,1,1,3,1,2,4,2,2,2,6,2
1165,2,5,4,2,2,2,2,1,2,2,2,1,4,4,4,2,2,6,2
2267,2,17,3,4,4,4,2,2,1,2,2,1,2,4,2,2,0,12,1
137,2,11,4,-98,3,3,-98,3,1,3,2,2,4,5,5,4,-1,-1,2
1858,4,16,3,1,1,1,1,1,1,1,2,1,4,2,5,1,2,6,2
1067,3,13,95,2,1,4,3,1,1,3,3,1,4,4,4,1,-1,-1,2
1019,1,1,3,4,4,3,3,3,2,1,4,2,4,4,4,4,0,12,1
1226,4,29,3,1,1,2,3,2,1,1,1,1,2,2,4,1,0,12,1
990,2,96,1,3,3,3,3,1,2,3,2,2,4,4,4,2,1,1,1
509,2,1,3,3,3,4,3,3,3,3,3,3,2,5,4,4,0,12,1
1910,4,11,-98,5,2,3,5,1,2,2,3,1,2,4,4,4,2,6,2
128,2,11,1,3,3,3,3,3,3,3,3,3,2,4,4,4,0,12,2
770,2,19,1,4,2,3,3,3,3,3,3,3,4,4,4,2,2,6,2
1061,4,16,1,3,2,3,2,1,1,2,2,1,2,2,1,1,0,8,1
305,4,11,96,2,2,2,2,2,2,2,2,1,2,2,2,2,1,6,2
452,2,5,1,3,3,4,2,1,2,3,2,1,2,4,2,2,0,12,1
320,2,16,1,3,3,4,4,2,2,4,3,2,2,5,5,1,0,12,2
595,4,1,1,4,5,3,4,1,1,2,1,1,2,2,4,2,1,1,2
1384,2,1,3,5,5,3,3,1,1,1,1,1,4,4,4,2,2,6,2
1687,4,13,6,5,4,4,2,3,1,4,3,1,1,4,4,1,-1,-1,1
308,2,-98,-99,3,2,3,3,2,2,2,2,2,2,4,4,2,0,12,1
269,4,16,34,2,2,1,3,2,2,1,3,2,2,4,2,2,-1,-1,1
1072,4,1,1,4,5,2,2,2,1,2,1,1,1,1,1,1,-1,-1,2
1070,4,16,6,5,4,4,4,2,2,3,3,2,2,4,4,1,-1,-1,1
2034,4,1,2,1,1,3,3,2,2,3,2,1,2,2,1,4,0,8,2
1069,2,1,6,3,3,3,3,2,2,2,4,2,4,4,4,4,-1,-1,2
28,4,-98,6,5,1,1,2,1,1,2,1,2,5,5,4,4,-1,-1,2
1214,2,20,3,2,2,4,2,2,2,3,4,2,4,4,4,4,0,12,1
463,2,1,1,5,4,4,5,2,3,2,3,2,4,5,4,1,-1,-1,2
64,4,13,3,5,5,1,5,1,1,1,1,1,4,5,4,1,0,12,2
721,2,6,1,5,5,3,2,2,1,1,2,2,4,4,2,1,0,12,2
1846,2,11,1,4,2,4,2,2,2,3,2,2,4,2,4,2,2,6,2
535,2,28,1,3,5,2,2,1,1,1,2,4,5,4,4,-98,-1,-1,2
1246,4,-98,-98,4,4,4,2,1,1,2,2,2,2,4,4,2,0,12,2
33,2,13,3,4,5,4,4,1,2,2,1,2,4,4,2,2,1,6,1
1155,2,30,1,5,5,4,5,1,2,3,2,1,2,4,4,2,1,6,2
613,2,13,3,5,5,2,2,1,1,1,1,1,4,5,5,2,-1,-1,2
1219,2,34,2,2,2,4,2,2,2,2,2,2,4,4,4,2,0,12,2
249,2,17,1,4,3,3,3,3,4,3,3,4,2,2,2,2,2,1,2
1859,4,11,4,3,5,4,4,3,3,4,3,3,5,5,5,5,2,6,2
863,2,19,8,3,3,2,2,2,2,2,2,2,2,2,2,2,2,6,1
688,2,11,3,1,1,2,1,1,1,1,1,1,2,5,4,1,-1,-1,2
304,2,13,1,2,2,1,1,1,1,1,1,1,4,5,4,1,0,12,1
1591,4,16,3,1,3,2,2,1,1,1,1,1,5,5,5,5,-1,-1,1
1986,2,16,3,3,3,4,2,3,2,3,4,3,2,2,2,2,0,12,1
51,2,1,-98,4,4,4,4,2,2,2,2,1,2,4,2,2,1,1,2
1768,4,16,4,4,2,4,4,3,3,4,3,2,5,5,5,5,0,12,1
1092,2,4,3,2,3,4,3,2,1,4,3,3,1,2,2,4,0,12,2
79,2,4,1,4,5,4,5,2,2,2,3,2,4,5,4,2,0,12,2
1969,2,96,4,3,3,3,2,2,2,2,3,1,1,4,2,4,0,12,1
1648,2,8,3,2,3,4,2,1,1,2,2,2,1,5,2,1,0,12,1
1592,1,2,3,3,5,3,2,1,2,1,3,3,4,5,4,2,1,6,2
578,2,1,-98,3,3,4,3,3,2,4,4,3,2,2,2,4,1,6,2
1266,2,5,3,5,5,4,4,1,2,3,3,4,4,2,2,2,1,1,2
787,1,16,-98,3,2,2,2,2,2,2,2,2,2,4,4,2,1,6,1
1849,4,16,1,3,2,2,2,3,1,4,4,2,2,2,4,1,1,6,2
1462,2,16,-98,3,4,3,3,2,2,2,2,2,4,4,4,2,2,6,2
1193,2,1,1,2,5,4,4,1,1,2,2,1,2,4,4,2,1,6,2
862,2,1,11,4,4,3,2,1,1,2,2,1,1,4,2,1,0,12,1
2047,2,1,3,4,3,4,3,1,1,1,1,1,1,2,2,1,1,1,2
112,4,20,4,1,1,2,2,1,1,2,4,1,4,4,4,2,0,12,1
1289,2,1,6,2,2,2,2,1,1,1,1,1,1,1,1,1,0,12,2
1002,2,17,1,4,4,3,4,1,1,1,2,2,2,2,2,2,0,12,2
430,2,6,-98,5,3,4,1,1,1,2,1,1,5,5,5,1,0,12,1
1707,5,1,1,4,3,4,3,2,2,1,2,2,4,4,4,4,-1,-1,1
333,4,13,1,3,3,3,3,1,1,2,2,2,2,4,4,4,0,12,1
18,2,1,97,2,2,3,3,4,3,3,3,3,4,5,4,5,-1,-1,2
406,4,11,3,2,2,2,2,1,1,1,2,1,2,2,2,2,0,12,2
1677,1,12,1,5,5,5,5,1,1,1,1,1,2,2,2,1,1,1,2
1225,2,17,-98,1,3,4,3,2,3,3,2,2,1,5,5,1,2,6,2
625,5,11,3,1,3,1,1,2,1,2,2,2,2,5,4,4,2,6,2
880,3,11,3,2,1,3,2,2,1,2,2,1,1,2,2,2,0,8,2
1464,1,16,1,4,2,3,3,2,2,3,4,2,5,5,2,4,1,6,2
1772,2,16,1,2,2,4,4,2,2,3,4,2,2,4,2,4,0,8,1
2313,4,13,3,3,2,1,2,2,1,2,2,1,2,2,4,1,1,6,1
2221,2,13,1,5,5,4,4,1,2,3,3,2,4,4,5,4,-1,-1,1
853,2,11,3,3,3,3,3,2,2,2,3,2,4,4,4,4,0,12,2
689,5,5,4,4,2,2,3,2,2,2,2,1,4,5,4,2,0,12,1
1086,2,11,3,4,2,4,3,3,3,3,4,3,4,5,5,4,1,6,2
1682,2,1,2,4,4,2,2,3,1,2,2,1,4,5,4,4,-1,-1,2
836,4,16,11,2,1,1,1,1,1,1,1,1,2,2,2,1,0,12,1
37,2,1,3,4,4,3,3,1,2,2,1,1,2,2,2,1,1,1,2
482,2,4,4,4,4,4,3,3,3,3,3,2,2,4,4,4,1,6,1
469,2,19,5,1,4,4,4,4,3,4,1,2,1,1,2,4,1,6,1
1813,1,37,3,4,2,3,3,2,2,3,4,3,1,4,2,4,2,6,2
974,2,-98,3,2,3,2,2,3,2,2,3,2,4,5,5,2,0,12,2
350,4,35,3,5,5,2,2,1,2,2,4,2,2,2,1,4,0,12,1
1730,1,32,1,4,4,3,4,2,2,2,2,1,5,5,5,5,-1,-1,2
2013,2,16,3,2,2,2,1,2,2,2,3,1,1,2,2,1,1,1,1
1808,2,1,-99,4,4,3,-99,-99,-98,-99,-99,-98,3,3,3,-99,0,12,2
1933,1,20,1,4,4,4,4,2,2,2,2,2,2,4,2,2,-1,-1,2
514,4,29,-99,2,2,2,1,2,2,1,2,2,4,5,5,2,0,12,1
1211,4,12,-98,2,2,3,3,1,2,1,1,1,1,1,4,1,1,6,2
920,4,5,3,5,3,2,5,3,2,2,3,1,2,4,2,1,0,12,2
1300,2,1,1,4,4,4,3,2,2,2,2,2,2,4,2,4,1,1,1
1779,2,-98,-98,2,2,2,2,2,1,2,3,2,4,4,4,4,0,8,2
747,4,13,11,4,4,3,5,1,1,1,1,1,2,4,2,2,0,12,1
697,2,19,4,4,4,4,5,4,4,3,3,4,5,5,5,5,0,1,2
2061,2,96,1,2,2,2,2,2,2,3,2,2,4,4,4,2,2,6,2
2237,2,1,1,3,5,3,4,3,3,4,3,4,4,4,-98,2,1,1,2
339,5,11,1,2,2,2,4,2,2,2,2,2,2,4,2,2,0,12,1
1163,4,20,4,2,2,2,2,3,3,2,3,2,2,2,4,1,1,6,2
842,4,11,4,2,2,3,3,2,1,3,3,1,2,2,5,1,0,12,1
1913,4,11,2,4,4,4,4,3,3,3,4,3,2,4,4,4,0,12,1
534,4,16,11,3,4,3,3,4,4,2,4,2,5,5,5,2,1,1,1
261,2,-98,1,3,3,3,3,2,2,2,2,2,2,4,4,4,0,12,1
1162,4,20,4,2,2,2,2,1,2,1,2,1,2,2,4,2,1,1,1
456,1,5,3,5,5,5,5,1,1,1,1,1,2,2,2,2,2,6,2
1293,2,4,-99,4,2,3,3,2,2,2,2,1,4,5,4,2,1,6,1
61,4,19,6,3,2,2,2,2,2,2,2,2,4,4,5,2,0,12,2
243,2,96,3,2,2,4,2,2,2,2,2,2,4,4,4,4,0,12,1
560,2,-98,1,3,3,4,2,2,3,2,3,2,4,4,4,4,1,6,2
1390,2,11,97,2,2,2,2,1,1,1,2,2,5,5,5,5,-1,-1,1
1911,4,16,3,2,2,3,2,3,2,4,3,3,2,4,4,4,0,8,2
1594,2,16,1,3,3,4,2,2,1,3,2,3,2,1,1,1,0,12,1
1822,2,31,6,3,4,3,3,2,-98,1,3,3,4,5,5,4,1,6,2
449,2,1,-99,4,3,3,4,2,3,4,4,2,1,2,1,2,0,12,2
896,2,11,6,3,3,3,3,3,2,3,3,3,2,2,4,2,0,12,2
543,2,36,96,3,3,3,4,3,3,3,2,2,2,2,2,4,0,12,2
156,2,13,97,4,4,3,4,2,2,2,3,1,2,2,4,2,1,1,1
1387,5,11,3,4,1,2,2,1,1,2,2,1,4,4,4,2,0,12,1
2612,2,13,3,4,2,3,2,2,1,2,3,1,1,1,1,1,1,6,1
1318,4,1,1,5,5,3,5,1,1,2,1,1,4,4,4,1,0,12,1
1820,2,16,4,3,3,4,5,2,2,2,3,1,4,4,4,2,1,6,1
26,1,13,13,5,1,5,3,1,1,1,1,1,5,5,5,4,-1,-1,1
801,2,11,1,2,1,2,2,1,1,1,2,2,4,4,4,2,0,12,1
478,2,96,96,4,4,3,4,2,3,3,3,2,4,5,2,5,1,1,1
846,4,11,4,2,2,2,2,2,2,2,4,1,4,4,4,2,0,8,1
623,4,13,3,3,3,3,3,1,2,2,2,1,4,2,5,2,1,1,2
1934,2,30,8,3,4,3,3,1,1,2,1,1,2,2,2,2,0,12,2
1354,2,1,4,5,5,5,5,1,1,1,1,1,4,4,2,2,0,12,1
169,2,11,-98,4,4,3,2,2,2,2,2,2,4,4,2,2,1,6,2
797,1,20,4,2,2,2,2,1,1,3,3,2,4,4,4,2,1,6,2
1718,2,34,3,3,3,4,3,2,1,2,2,2,4,4,4,2,0,12,2
1654,3,36,1,2,2,2,2,1,1,3,2,1,4,5,4,4,-1,-1,1
2268,2,32,1,3,3,3,4,1,2,3,3,2,2,4,4,2,0,8,2
335,4,35,11,4,4,1,4,2,1,2,3,1,5,4,2,4,1,6,1
1899,2,16,3,3,3,3,3,2,2,2,2,2,2,4,4,1,0,8,2
299,2,27,1,3,4,4,3,2,2,4,4,3,2,4,2,1,0,8,2
844,4,30,1,4,4,4,4,2,2,2,2,2,4,4,4,2,0,12,2
166,2,32,4,3,1,2,2,1,1,2,3,1,2,5,4,4,0,12,1
2154,2,4,4,5,5,4,5,1,1,2,1,3,5,4,4,5,-1,-1,1
541,2,16,3,2,4,2,2,2,2,2,3,1,2,4,4,2,2,6,1
725,4,13,3,3,2,2,2,1,2,1,1,1,1,1,1,1,2,6,2
101,2,1,3,2,1,1,1,1,1,1,2,2,1,4,4,1,2,6,1
1422,2,16,3,2,2,1,1,1,2,2,3,1,1,1,4,4,0,12,1
89,1,11,1,5,4,3,2,3,3,3,3,3,4,5,4,2,1,6,2
1489,2,1,1,3,3,3,3,2,2,2,3,3,2,2,2,2,1,6,2
1302,2,1,1,5,4,4,1,1,1,1,2,1,4,4,2,2,1,6,2
525,2,13,1,4,3,3,5,1,1,1,1,1,1,4,1,1,1,1,2
1432,2,37,4,3,2,2,2,1,3,1,3,1,2,1,4,1,0,12,2
1866,2,11,4,3,2,4,2,3,3,2,4,3,4,4,2,2,1,6,1
366,2,17,4,2,2,2,3,1,2,2,1,1,2,4,2,1,0,12,2
280,2,13,3,4,3,4,4,2,4,2,2,2,4,4,4,4,-1,-1,2
31,2,13,96,5,3,4,2,1,1,2,4,2,5,4,4,5,-1,-1,1
1556,2,11,3,2,2,2,2,2,2,2,2,2,2,2,4,2,0,12,1
532,2,1,3,4,4,4,4,2,1,2,2,2,1,2,1,1,0,12,2
892,4,16,3,1,1,1,1,1,1,1,3,1,1,4,4,2,0,12,1
898,2,96,1,5,5,4,5,1,1,1,3,1,5,5,5,5,1,6,1
607,4,-98,4,3,4,3,3,3,3,-98,3,3,4,4,5,4,2,6,2
1210,2,11,3,5,2,3,5,2,2,2,3,1,2,2,2,2,0,12,2
973,5,11,4,2,3,2,3,1,2,1,3,1,4,4,4,4,0,12,1
755,2,16,4,3,3,2,2,2,2,4,4,3,2,4,4,2,0,12,1
194,2,32,2,2,2,2,2,1,1,2,2,2,2,5,4,2,1,1,1
204,2,16,1,2,2,4,2,2,3,3,3,3,4,5,5,2,0,8,2
615,2,13,1,4,4,3,4,2,3,3,3,2,5,5,4,2,1,6,2
1875,4,16,4,2,5,1,5,1,1,1,1,1,2,2,5,1,0,12,2
921,5,11,4,4,3,3,3,2,2,2,2,2,4,4,4,2,1,1,2
1043,3,13,1,4,2,4,3,1,1,3,1,1,4,4,4,1,-1,-1,1
113,4,16,8,1,1,1,1,1,1,1,1,1,2,4,4,2,0,12,2
2,3,5,95,5,4,2,2,2,2,1,2,1,2,2,4,1,-1,-1,2
1732,2,11,1,4,4,4,3,3,2,2,2,2,2,4,4,2,2,6,2
1025,2,13,4,3,3,3,4,1,1,1,3,1,5,5,5,5,-1,-1,2
1515,4,6,97,4,4,1,5,1,1,2,2,2,2,4,4,2,0,12,2
1534,5,35,3,2,2,2,1,1,1,1,4,1,2,4,4,1,0,12,2
181,4,5,3,2,1,2,2,1,1,2,2,1,4,5,4,1,0,12,1
1632,4,16,-98,1,1,1,1,1,1,1,1,1,1,1,4,1,1,6,2
773,2,16,1,4,2,3,3,2,2,3,2,2,2,4,4,2,2,1,1
221,2,1,1,4,4,3,3,1,1,1,2,3,4,4,4,1,0,12,1
1447,4,11,3,2,2,2,3,2,2,2,3,2,2,4,4,2,2,6,2
1205,2,5,3,4,2,1,5,1,1,1,1,1,4,2,4,2,0,12,1
2015,4,12,11,2,2,3,2,1,2,2,2,1,4,4,4,2,0,12,2
1525,4,16,2,3,4,3,3,2,3,3,3,3,2,5,4,4,2,6,2
47,2,19,4,3,3,3,3,2,3,3,2,2,4,4,4,4,1,1,2
1466,2,1,1,3,1,3,1,1,1,1,1,1,1,4,4,1,0,12,2
428,2,34,1,4,3,4,4,3,2,3,3,3,2,2,2,4,2,6,1
1902,4,32,3,2,1,2,1,1,2,3,2,1,2,4,4,2,0,12,1
1514,2,1,3,4,3,4,4,4,3,4,3,3,5,5,5,5,-1,-1,2
1496,2,13,97,4,3,3,3,2,3,3,3,3,4,4,4,2,0,12,2
1870,4,16,4,2,2,2,2,2,2,2,2,2,2,4,2,4,2,6,2
2025,2,4,-98,4,4,3,3,3,3,3,3,3,4,2,2,2,0,12,2
2190,2,4,3,3,3,3,3,3,3,2,4,3,4,4,4,2,0,12,1
954,4,16,-98,4,3,4,4,3,2,4,3,3,1,4,2,1,0,12,1
785,4,20,1,2,1,2,2,1,1,1,1,1,1,2,2,1,0,12,2
1516,4,11,3,3,2,3,2,2,2,2,2,1,1,2,4,1,0,12,2
964,4,16,96,2,2,3,2,2,1,3,3,1,4,4,4,1,0,12,2
157,2,16,1,2,1,4,3,2,1,3,2,2,2,4,4,4,0,12,1
1742,5,11,4,3,3,2,1,3,3,2,4,2,2,4,4,4,1,1,1
1134,5,16,11,1,5,1,1,1,4,1,2,1,1,1,1,1,-1,-1,1
1012,4,6,1,3,5,4,2,3,2,3,2,2,5,5,5,1,-1,-1,2
1371,2,11,1,2,4,4,3,4,4,4,4,4,5,5,5,5,1,6,2
1644,2,17,1,3,5,5,5,2,1,3,3,1,1,4,2,1,1,6,2
1460,2,16,3,3,4,3,3,2,2,3,2,2,1,2,2,4,2,6,2
878,4,-98,3,5,5,5,5,1,1,2,3,1,2,4,4,2,0,12,2
941,4,36,1,5,4,4,5,2,1,2,2,1,2,4,2,2,1,1,1
621,5,11,-99,1,1,1,1,1,1,1,1,1,2,4,4,1,0,12,2
769,4,11,3,3,2,3,3,3,2,3,4,2,4,5,5,4,2,6,2
1045,2,1,1,3,3,4,3,1,2,3,2,2,2,4,2,2,0,12,1
8,1,1,1,4,5,4,5,1,2,2,2,1,5,5,4,4,-1,-1,2
382,4,11,3,3,3,3,4,3,3,2,3,1,2,4,4,4,0,12,2
2130,5,37,4,2,2,1,1,1,1,1,3,1,2,4,2,2,1,1,2
1154,4,35,4,1,2,2,2,3,2,1,3,2,2,4,4,4,0,12,2
278,2,36,1,3,2,3,2,3,2,3,3,3,1,2,2,2,1,1,2
1081,4,16,4,5,5,1,1,1,1,1,1,1,2,4,4,4,0,12,1
2069,4,11,3,2,3,3,3,1,3,2,2,1,4,4,4,2,0,12,1
1517,5,16,4,2,2,2,2,1,1,2,2,2,4,4,4,2,0,12,1
971,4,19,3,2,2,4,3,3,2,3,2,2,2,5,2,2,0,12,2
268,4,96,3,3,3,3,5,2,2,2,2,1,1,4,2,2,0,8,1
938,2,17,1,3,5,3,3,2,1,1,2,1,1,4,4,2,0,12,2
1305,4,19,3,2,2,2,2,1,1,2,3,1,4,4,4,2,0,12,2
886,2,16,3,5,5,5,5,1,1,1,2,1,1,2,2,1,0,12,1
718,5,11,3,2,2,3,2,2,3,2,4,2,4,4,4,4,0,12,1
568,4,13,1,2,1,1,2,1,1,2,1,2,2,5,4,5,-1,-1,1
1757,4,16,-98,3,2,3,3,2,1,2,3,2,4,4,4,2,0,12,1
1140,4,11,2,2,2,2,1,1,2,2,3,2,4,5,5,1,1,1,2
530,4,4,3,2,2,2,2,1,1,1,2,2,5,5,5,5,2,6,1
1861,4,13,2,3,3,2,2,1,1,2,3,2,2,5,4,2,0,12,2
1929,4,13,2,4,2,4,4,2,1,2,1,2,5,4,4,1,-1,-1,2
1403,5,16,13,3,3,1,3,1,1,1,1,1,2,2,4,1,1,6,2
1021,4,13,11,2,4,1,1,4,4,1,1,1,2,2,4,2,-1,-1,2
1202,4,-98,4,2,3,1,2,1,1,1,2,1,2,2,2,2,0,12,2
1026,2,13,2,3,-98,2,3,1,1,3,2,1,5,5,5,5,-1,-1,2
267,5,13,11,2,2,2,2,1,1,2,1,1,4,4,4,1,0,12,1
387,2,1,1,2,2,5,4,3,2,4,4,2,2,2,2,4,2,6,2
1639,4,20,3,3,3,4,3,3,4,3,3,2,5,5,5,5,2,6,2
2333,4,20,96,5,5,1,2,1,3,2,2,2,1,2,4,2,1,1,2
490,4,16,3,2,2,2,2,2,1,2,2,2,4,4,2,2,-1,-1,1
825,2,96,2,2,1,1,2,1,3,1,2,1,4,4,4,4,0,12,1
459,5,11,5,4,1,3,3,1,2,3,3,3,5,5,5,5,-1,-1,2
827,2,16,4,2,2,2,2,2,2,3,2,1,4,5,4,4,0,12,2
927,2,11,4,1,1,2,2,1,1,1,1,1,2,2,4,1,0,12,2
970,4,11,3,2,1,1,2,1,1,1,3,1,1,2,1,1,2,6,1
1680,2,16,2,3,2,2,2,2,2,3,2,2,4,4,4,2,-1,-1,1
1034,5,16,4,4,2,2,2,2,2,2,2,2,5,4,5,1,0,12,2
2542,5,11,3,3,3,2,2,3,3,2,3,2,2,2,4,2,0,12,2
1893,2,1,4,3,3,4,4,2,2,2,2,2,2,4,2,2,1,1,2
2209,2,13,2,3,2,4,3,3,2,3,3,2,4,5,5,1,0,12,1
6,4,13,3,4,2,2,4,1,2,2,2,2,5,5,5,1,-1,-1,2
890,1,16,-98,1,5,2,1,2,2,2,2,2,1,2,2,1,0,12,2
7,5,16,3,5,1,1,1,1,1,1,1,1,5,5,5,5,-1,-1,2
580,2,11,3,3,2,2,2,1,1,1,1,1,4,4,4,2,2,6,2
454,4,36,1,4,2,3,3,2,1,1,2,2,2,2,1,2,1,6,2
865,4,96,11,2,2,2,2,1,1,2,1,1,2,5,5,1,0,12,2
969,1,13,1,4,4,4,4,1,1,1,1,1,4,4,4,1,2,6,2
1201,4,11,4,3,1,2,3,4,4,3,3,2,4,4,4,4,0,12,1
1555,2,13,1,4,4,4,4,2,1,4,3,3,5,5,5,5,-1,-1,1
616,4,-98,3,3,2,2,3,2,2,2,2,2,4,4,4,2,1,6,2
1074,5,13,2,4,4,3,2,1,1,1,1,1,2,1,2,5,1,1,2
1826,4,16,3,4,1,4,2,1,2,2,3,2,2,4,2,2,0,8,2
847,1,1,3,2,4,3,2,2,2,3,3,3,2,4,4,4,0,12,1
14,2,19,2,2,2,4,2,1,2,3,3,2,1,4,4,-98,-1,-1,2
1048,1,20,3,4,2,4,3,1,1,2,4,1,3,4,2,2,-1,-1,1
1995,2,16,4,4,2,3,2,2,2,2,2,1,2,1,2,2,1,6,2
679,2,-98,1,4,3,4,4,3,4,3,3,3,2,4,4,4,2,6,2
1204,4,29,2,3,4,4,2,2,2,4,2,2,2,2,4,4,1,6,1
1105,2,13,97,4,5,3,4,2,1,2,2,1,4,4,4,2,0,12,2
1172,2,16,2,2,1,1,2,1,1,1,1,1,4,4,4,2,0,12,2
813,2,34,1,4,4,3,3,3,2,3,3,2,2,4,4,2,2,6,2
2560,2,34,2,3,3,4,2,2,3,3,2,2,4,4,4,2,-1,-1,1
287,2,35,3,4,3,2,2,2,2,2,3,2,2,4,4,2,1,6,1
646,4,-98,-99,3,2,2,3,1,1,2,1,1,2,4,4,2,0,12,2
233,4,16,4,3,1,2,2,1,1,1,3,1,1,1,4,1,1,6,2
1900,5,1,3,1,2,2,2,2,1,1,2,1,4,4,4,2,0,12,1
2336,2,11,3,3,3,3,3,4,3,4,4,4,4,5,4,2,0,12,1
1041,2,17,1,5,4,4,4,3,1,3,1,1,5,5,1,5,-1,-1,1
720,2,13,3,5,5,5,5,2,1,3,3,2,5,2,2,4,1,1,1
1251,2,34,1,2,2,2,2,2,2,2,2,2,2,2,4,2,1,6,2
549,2,29,1,2,2,4,4,2,2,3,3,3,2,4,2,4,1,6,1
1168,4,96,-99,4,-98,-98,-98,-99,-98,-98,-99,-98,3,3,-99,-98,0,12,1
1721,4,11,4,3,3,3,3,3,3,3,3,3,4,4,4,4,0,12,2
1728,2,11,3,2,1,3,2,1,1,1,2,1,5,5,5,5,0,8,1
1725,4,5,96,5,3,2,2,2,2,1,2,2,2,4,4,2,-1,-1,2
1810,2,34,1,3,3,3,3,1,1,2,1,1,2,5,4,1,1,1,2
398,2,96,1,2,2,3,2,2,3,3,1,2,4,4,4,2,2,6,1
2011,2,29,2,3,2,3,3,2,2,2,2,2,5,4,5,1,0,12,2
67,4,36,5,4,4,3,3,2,4,2,4,2,2,5,2,5,1,6,2
1809,1,16,97,3,2,3,3,3,2,3,3,2,2,4,2,4,1,6,1
257,2,11,1,4,4,2,2,2,1,2,3,2,5,4,4,2,0,12,1
1261,2,13,3,3,2,2,2,1,1,2,2,1,2,2,2,2,0,12,2
789,4,11,4,5,1,2,5,1,1,2,2,1,4,2,5,1,0,12,2
1457,5,11,3,2,2,2,2,2,1,1,2,1,4,4,4,1,2,6,1
1292,4,16,1,4,2,4,2,2,1,3,3,2,2,4,4,4,2,6,1
1837,4,11,3,1,1,2,2,1,1,1,3,1,4,4,5,4,0,8,2
409,4,11,4,4,2,2,3,2,2,1,3,1,4,4,4,1,0,8,2
796,2,13,1,4,4,4,3,2,2,3,1,2,4,4,4,2,0,12,1
252,2,13,1,4,2,3,3,2,1,1,1,1,1,2,2,2,0,8,1
1001,1,16,1,5,5,5,5,1,1,2,1,1,2,5,2,1,0,12,1
1294,4,1,1,2,2,2,2,2,1,2,3,3,4,4,4,2,0,12,1
2439,2,1,3,2,1,2,2,1,3,1,2,1,2,2,2,1,0,8,2
1891,4,11,3,4,3,3,3,3,3,2,4,4,4,4,4,2,0,12,2
1852,4,11,3,2,2,2,2,1,2,1,3,1,4,1,2,2,1,6,1
1944,4,16,1,3,2,3,2,2,2,2,3,2,2,4,4,2,2,6,2
1500,4,13,1,3,2,2,2,1,1,2,1,1,1,2,2,1,0,12,1
1323,4,16,1,4,2,3,2,1,2,3,3,1,2,4,4,4,0,12,1
608,2,18,3,4,4,4,3,1,1,3,1,1,5,5,5,2,0,12,1
1886,4,-99,3,3,2,5,2,1,1,1,2,2,4,4,4,1,0,12,1
147,4,16,4,5,5,3,5,1,1,1,1,1,2,1,4,1,0,12,2
1850,4,36,1,2,2,3,3,1,1,1,1,1,4,4,4,2,0,12,2
1493,4,6,96,3,2,2,3,2,1,2,2,2,1,1,2,2,0,8,1
708,4,20,3,2,2,2,2,3,3,2,3,2,4,4,4,4,1,1,1
1501,4,6,4,4,4,3,3,3,2,1,1,1,4,4,4,4,2,1,2
936,4,11,3,4,2,4,3,2,2,3,3,2,2,2,2,2,0,12,1
266,2,13,1,4,4,4,4,1,1,1,1,1,2,2,2,2,0,12,1
2036,5,96,11,2,1,1,1,1,1,1,1,1,4,4,5,2,0,12,2
988,2,96,4,2,2,3,3,2,2,1,3,3,2,5,5,4,1,6,2
159,2,1,1,3,3,2,2,1,1,2,1,1,2,4,2,1,0,12,1
519,2,12,1,4,4,4,3,3,2,3,3,2,4,4,4,2,1,6,1
636,2,20,4,4,2,3,2,4,3,2,3,1,2,4,4,4,0,12,1
1475,4,1,-98,1,1,1,1,1,1,1,1,1,5,5,5,5,1,6,2
2016,2,-98,1,3,3,3,3,2,1,1,2,1,2,4,4,1,1,6,2
2152,1,37,11,2,2,2,2,1,1,1,1,1,2,2,2,1,1,1,2
602,2,11,1,4,2,3,4,1,1,2,2,2,2,2,4,2,2,6,1
1125,1,96,3,1,3,2,3,1,2,2,1,1,5,4,4,5,-1,-1,1
1028,4,20,3,3,2,3,3,4,2,4,4,2,4,4,5,4,-1,-1,2
35,4,11,4,2,1,2,2,2,2,2,3,1,4,4,4,5,1,6,2
987,2,16,1,3,5,3,4,2,2,2,2,2,4,4,4,2,0,12,2
2232,4,1,1,4,4,3,4,2,2,2,1,2,2,4,4,4,-1,-1,2
561,2,13,1,4,4,4,4,3,3,4,2,3,2,5,2,2,-1,-1,1
1924,5,16,96,5,4,2,2,2,1,2,2,1,4,4,4,5,-1,-1,2
1796,2,16,4,5,2,2,2,2,2,2,3,2,4,4,4,2,0,12,1
734,4,16,4,2,2,2,2,2,2,2,2,2,4,4,4,4,1,6,2
336,2,16,1,5,5,2,3,1,1,2,2,2,2,4,4,4,0,12,1
566,4,-99,3,4,4,2,1,1,1,3,1,1,1,1,1,1,0,12,2
1340,4,13,4,1,2,2,2,1,1,2,2,1,2,2,2,2,0,12,2
1130,5,11,96,5,5,2,2,2,2,3,4,3,5,4,4,5,-1,-1,1
1053,4,13,1,5,5,3,2,2,1,1,2,1,4,2,4,1,-1,-1,2
596,2,16,1,3,5,4,3,2,1,1,2,2,2,4,2,2,1,1,1
700,2,1,1,4,2,2,3,3,3,3,2,3,2,4,2,2,0,12,2
1473,5,11,4,3,1,3,1,3,1,1,3,3,2,4,4,1,0,12,2
569,2,19,1,4,2,4,3,2,2,2,2,2,4,2,4,4,0,12,1
665,2,7,96,2,1,1,1,1,1,1,1,1,1,2,2,1,0,8,1
1775,4,36,1,3,3,2,3,2,2,2,2,2,2,2,4,4,2,6,2
1794,4,4,3,3,4,2,2,3,2,2,2,2,2,5,2,2,1,6,2
1088,4,16,3,4,-98,3,-98,1,1,1,1,1,4,5,5,1,0,12,2
1406,1,1,3,5,5,1,1,1,1,1,2,1,4,4,5,2,1,6,2
1127,5,1,1,5,5,4,4,3,2,3,2,1,5,4,5,5,-1,-1,1
1363,4,11,3,-98,1,-98,2,-98,1,1,2,2,5,5,5,-98,-1,-1,1
474,4,13,11,2,1,2,1,2,2,1,1,2,2,5,5,2,0,12,1
30,2,30,4,2,2,1,2,2,2,2,2,1,4,4,4,1,-1,-1,2
1593,2,5,2,3,4,4,4,1,2,2,2,2,1,2,2,2,1,6,2
148,4,11,3,1,1,1,1,1,1,1,2,1,2,4,5,1,1,6,2
1511,2,1,3,5,5,4,4,1,1,2,1,2,2,2,5,1,-1,-1,1
818,4,4,97,4,3,2,4,1,1,1,1,1,2,4,2,2,0,12,2
2259,4,5,1,3,3,3,3,2,3,3,3,2,4,4,4,4,2,1,2
1317,2,1,1,4,4,3,3,1,1,1,1,1,1,2,4,2,0,12,1
207,4,13,-98,1,1,1,1,1,1,1,1,1,1,2,1,1,2,6,1
1066,1,1,96,3,5,3,4,1,1,1,1,1,5,5,5,1,-1,-1,2
1518,2,13,1,3,4,4,4,2,2,2,2,2,4,4,4,5,-1,-1,2
1828,4,16,-99,3,1,1,1,1,1,1,1,1,5,5,5,1,2,6,2
1176,4,36,4,4,2,4,3,2,2,4,4,1,5,5,4,4,0,12,1
405,2,11,3,2,2,3,2,2,2,4,4,3,4,4,4,2,1,1,1
2177,4,16,3,4,4,5,4,2,2,2,2,2,2,2,2,2,1,6,2
1135,1,17,1,5,5,5,5,1,1,1,1,1,5,5,5,5,-1,-1,1
309,5,11,4,2,2,2,2,1,2,1,3,1,4,1,2,4,0,12,2
216,2,1,3,4,5,4,3,4,4,4,4,4,1,2,2,1,0,12,2
288,4,12,3,2,1,2,2,1,2,2,1,2,4,4,4,4,-1,-1,2
1815,2,96,3,5,5,2,2,3,3,3,2,2,2,4,4,4,2,6,1
1539,4,36,1,5,5,5,5,1,1,1,1,1,2,5,4,1,0,12,2
960,4,13,95,2,2,1,1,1,1,1,1,1,1,4,2,1,2,6,2
1032,2,1,3,2,-98,4,1,2,4,2,4,2,4,5,4,5,-1,-1,1
884,2,13,-98,2,2,2,3,1,1,1,1,1,4,4,4,1,0,12,2
1278,3,16,24,2,2,4,2,1,1,3,4,3,2,2,2,4,0,12,1
2436,1,-98,3,3,3,2,3,1,1,1,1,3,2,4,4,4,1,6,2
1602,4,36,2,2,2,2,2,2,2,3,2,2,4,5,4,4,2,6,1
59,5,11,3,2,2,2,2,3,2,2,3,1,4,5,4,2,2,1,2
1047,2,13,1,5,5,2,1,1,1,1,1,1,4,5,5,-99,-1,-1,2
1780,4,19,-98,1,1,1,2,1,1,1,1,1,2,2,2,1,0,12,2
1264,4,13,3,1,1,2,2,1,1,1,1,1,4,5,4,1,1,1,2
1547,2,20,3,3,3,3,4,2,3,2,2,2,2,2,2,4,0,12,1
1829,4,20,3,3,2,2,2,2,1,2,2,1,2,4,4,1,0,12,2
1679,2,13,1,-98,2,4,2,3,1,2,4,2,5,4,4,5,-1,-1,2
1509,5,20,2,3,4,4,3,3,1,3,3,3,5,5,4,4,2,6,1
1046,5,20,-98,4,4,3,2,1,1,1,1,1,1,2,2,2,-1,-1,2
2125,2,11,1,4,3,2,4,2,2,3,4,3,2,4,4,4,0,12,2
1059,2,-98,3,4,4,4,4,3,3,3,3,3,5,5,5,5,-1,-1,1
502,4,20,1,5,5,4,4,2,1,2,3,2,5,5,5,5,-1,-1,2
1307,2,13,1,4,2,2,2,1,1,2,1,1,1,1,1,2,2,6,2
647,4,19,1,3,3,2,2,3,2,4,4,3,4,4,4,4,0,8,2
1328,4,16,1,1,1,1,1,1,1,1,1,1,2,5,4,1,0,12,1
505,2,26,1,4,3,3,4,1,1,4,3,3,2,2,4,1,-1,-1,2
2337,2,4,3,1,1,1,1,1,1,1,2,1,2,1,2,1,1,1,1
1325,2,11,3,3,2,3,3,2,2,3,3,2,2,4,4,4,0,12,1
433,2,20,3,3,-98,3,3,1,1,1,1,1,1,5,5,2,2,6,2
1585,2,16,1,5,4,4,2,2,2,1,3,2,2,2,2,1,2,6,2
1049,4,13,3,4,4,2,3,3,2,1,2,1,4,4,2,2,-1,-1,2
1867,4,11,3,2,1,1,3,3,2,3,4,2,1,4,4,2,1,6,1
25,1,1,1,5,3,5,5,4,3,3,4,3,4,5,4,4,-1,-1,2
5,2,1,1,4,4,4,4,2,2,2,2,2,4,4,4,5,-1,-1,2
191,4,16,4,1,1,1,1,2,3,2,3,2,4,5,4,2,1,1,1
1922,2,19,1,4,3,4,3,2,2,3,4,3,1,2,4,4,2,6,2
362,4,16,-98,2,2,3,2,2,2,2,2,2,2,2,4,2,1,6,2
294,4,5,-98,4,5,5,5,1,1,1,1,1,2,1,2,1,0,12,2
2535,1,20,1,1,1,3,5,2,1,1,1,1,2,4,5,4,2,1,2
1692,2,1,3,3,2,3,2,2,2,2,2,2,4,4,4,2,1,1,2
1051,4,16,1,5,5,2,1,2,1,3,2,1,5,5,5,4,-1,-1,2
23,4,16,-98,2,2,2,1,1,1,1,1,1,4,2,5,1,-1,-1,2
1614,4,11,3,4,2,4,4,2,1,2,3,2,1,2,2,4,0,8,1
752,1,-98,1,3,3,4,4,2,1,3,1,1,4,5,4,1,0,8,2
1816,5,29,15,4,1,2,3,1,2,1,1,1,2,4,4,4,1,6,1
1011,2,11,3,5,2,3,5,2,2,1,2,1,2,4,2,4,-1,-1,2
1188,4,20,4,4,4,2,4,2,2,2,3,2,2,2,2,2,1,1,2
2045,2,4,1,2,2,4,2,2,2,3,2,2,2,4,4,2,1,6,1
1005,4,11,3,2,2,3,2,2,2,2,2,2,4,4,4,1,2,6,2
1661,2,20,1,2,2,2,2,1,4,1,2,1,4,4,4,4,-1,-1,2
1438,2,37,3,3,3,3,3,3,3,3,4,3,4,4,4,4,1,1,2
875,4,13,-98,2,2,1,1,2,1,1,1,1,2,2,4,1,0,8,1
1301,4,1,5,2,2,3,1,2,3,3,3,2,2,4,2,2,0,12,1
1881,2,16,3,3,3,4,3,3,3,4,3,3,1,2,2,2,0,12,1
372,4,13,1,4,3,4,4,2,4,2,3,1,1,2,2,1,0,12,1
1637,1,29,1,2,1,2,5,1,1,1,1,1,1,1,1,1,1,6,2
666,2,11,1,2,2,3,3,3,3,3,3,3,2,4,2,2,1,6,2
15,4,20,5,-98,1,1,1,1,2,1,2,1,4,4,4,5,-1,-1,2
501,4,27,3,5,3,3,3,3,3,1,4,4,2,5,1,2,-1,-1,2
592,2,1,1,3,3,3,3,2,2,2,2,2,2,2,2,2,0,12,2
2236,4,-98,3,3,3,3,3,2,2,2,2,2,4,4,2,2,1,6,2
1603,2,17,1,2,2,2,2,1,1,1,1,1,4,4,4,1,2,6,2
2386,2,-99,-98,2,2,4,2,2,2,3,3,1,2,4,4,4,0,8,2
1298,2,20,3,3,3,3,3,2,2,2,2,2,1,2,2,2,2,6,2
1494,4,16,-98,1,1,1,1,1,1,2,1,1,2,2,2,1,0,12,2
27,2,17,-98,4,2,3,3,3,2,1,2,2,4,4,4,4,-1,-1,1
1356,2,1,3,2,2,5,5,1,2,3,3,2,5,5,4,4,0,12,2
904,4,16,1,4,4,4,4,1,1,2,2,1,2,4,2,4,0,12,1
1622,4,11,-98,2,2,2,2,2,2,2,2,2,4,4,2,2,0,12,2
1734,4,36,-99,4,4,1,1,4,1,4,4,2,2,2,2,5,-1,-1,1
388,4,13,3,3,3,3,3,1,1,1,1,1,4,4,4,2,2,6,2
937,4,1,3,2,3,3,3,2,2,2,2,2,4,4,4,2,0,12,2
152,2,1,4,2,2,1,1,2,2,1,2,1,2,1,4,2,0,12,1
1698,4,17,-98,3,3,3,3,1,1,1,1,1,4,4,4,2,0,12,2
126,4,16,5,2,1,2,1,2,1,2,1,1,4,4,4,1,0,12,1
357,2,16,-98,5,1,3,1,1,1,1,1,1,4,4,4,1,0,8,2
693,4,1,-98,3,1,1,1,2,1,1,1,1,1,4,4,1,2,6,2
1931,2,34,4,2,1,3,2,1,1,1,2,1,4,4,2,1,0,12,1
416,2,-98,-98,3,3,4,4,3,3,4,3,3,1,4,2,4,1,1,1
467,4,16,5,2,2,2,2,1,1,1,1,1,2,4,2,1,2,6,1
365,4,19,1,3,2,2,5,2,2,2,2,1,4,4,4,2,1,6,1
1917,4,-98,1,4,4,2,2,1,1,1,1,1,1,2,2,2,2,6,2
68,4,36,96,5,2,1,2,2,2,1,2,1,1,4,5,4,-1,-1,2
579,2,16,3,2,2,2,2,2,2,3,2,2,4,4,4,2,2,6,2
1962,5,11,4,2,2,3,2,1,1,1,1,1,1,4,2,1,0,8,1
1618,4,16,1,3,2,4,4,2,1,4,3,2,4,4,4,1,1,6,1
134,2,11,3,5,4,3,5,2,1,2,2,1,2,4,4,2,0,12,1
247,2,17,1,5,5,4,4,1,1,2,1,1,5,5,5,1,2,6,2
812,2,36,1,4,4,3,3,1,1,1,2,2,4,4,4,1,2,6,2
1159,4,16,4,3,4,3,1,3,3,3,4,2,2,4,4,4,0,8,2
2406,2,11,3,1,1,3,2,1,1,2,3,1,4,4,5,1,1,6,2
385,2,1,3,3,4,3,3,1,1,2,3,1,1,4,4,1,1,1,1
2440,2,11,1,3,3,3,3,3,3,3,3,3,2,2,2,2,1,6,1
206,2,11,3,1,2,2,3,1,1,2,2,2,5,4,2,4,1,6,2
1610,2,1,3,1,1,5,1,1,2,1,1,1,4,5,2,1,1,6,1
1940,5,19,3,3,3,2,2,2,3,2,4,1,4,4,4,5,-1,-1,2
1925,2,1,3,3,3,4,2,3,1,3,2,2,2,4,2,4,0,12,1
1217,4,4,3,2,2,2,2,2,2,2,1,1,2,2,2,4,0,12,1
1286,5,13,11,1,1,1,1,1,1,1,1,1,5,5,5,1,0,12,1
2284,2,1,3,4,2,4,4,2,2,4,2,2,4,4,4,4,-1,-1,2
1142,2,17,97,4,2,3,3,3,2,3,3,2,2,4,5,5,0,12,1
2482,2,1,1,4,2,3,2,3,3,3,3,3,2,4,2,4,0,12,2
1523,2,11,6,3,2,4,3,3,3,4,4,3,4,4,4,4,0,8,2
771,4,-98,-98,3,4,4,4,2,2,2,2,2,2,4,4,2,1,1,2
1627,4,20,4,4,2,2,2,1,2,1,3,1,2,2,4,2,0,12,2
17,2,20,1,2,2,3,2,2,2,2,3,2,5,5,5,5,-1,-1,1
1987,4,19,-98,2,2,2,2,2,1,2,2,1,1,1,2,1,1,1,2
1212,4,29,1,5,5,4,5,1,1,2,2,1,1,4,1,1,0,12,1
858,4,13,1,4,4,4,3,3,3,3,2,2,2,2,2,4,1,6,1
436,4,16,11,1,1,1,1,2,2,2,2,2,2,2,2,1,1,6,1
933,2,34,11,4,3,4,4,4,3,4,4,3,5,5,5,1,0,12,1
1348,4,1,1,3,4,3,3,3,2,4,3,3,2,4,5,2,2,6,2
838,2,11,4,2,3,4,3,3,1,4,2,1,2,4,5,4,0,8,2
1270,4,1,1,4,3,4,3,1,2,1,1,1,2,4,4,2,0,12,2
1334,4,32,95,4,2,2,3,2,2,2,3,1,4,4,4,2,0,12,1
1267,-98,-98,6,4,2,4,4,3,2,4,-98,-98,4,5,5,4,0,12,2
1964,2,19,1,2,4,2,5,1,1,1,1,1,4,4,4,2,0,8,1
2012,1,29,-99,3,2,3,3,1,4,3,2,2,4,4,4,4,2,6,2
972,4,16,3,5,4,3,2,2,2,2,2,2,2,2,2,2,2,6,2
722,2,-99,1,4,3,3,4,2,2,2,2,3,2,4,4,4,1,6,2
2109,2,19,-98,4,2,2,2,2,2,2,3,2,2,4,4,2,1,6,2
414,2,1,3,3,2,3,3,2,2,2,2,3,4,4,4,2,2,6,1
480,2,1,5,4,3,3,5,1,2,2,2,2,2,2,2,2,1,6,1
2369,2,16,3,3,2,3,3,2,2,1,2,2,4,4,4,2,-1,-1,1
1395,2,16,3,4,4,3,2,3,2,4,3,3,2,4,2,2,2,6,2
1396,1,36,16,3,1,4,3,3,2,1,1,3,4,3,5,1,-1,-1,2
622,1,11,4,3,3,5,4,1,3,1,3,1,2,4,4,2,2,6,2
2280,4,16,3,1,1,1,1,1,1,1,1,1,4,4,4,2,2,6,2
412,4,-98,1,5,3,3,5,1,1,1,2,1,5,5,5,2,2,6,2
677,2,13,1,4,5,3,3,1,1,2,2,1,4,4,4,2,0,12,1
1586,2,20,1,2,3,4,4,2,1,4,3,4,4,4,2,4,1,6,2
1077,2,6,3,3,3,2,1,1,2,1,2,-98,2,4,2,5,-1,-1,2
603,2,13,-98,-98,-98,3,3,2,2,-98,2,2,2,2,3,4,0,8,2
1562,4,6,10,2,2,3,4,2,2,2,2,2,2,4,2,1,0,8,1
533,2,13,1,5,1,4,4,1,1,1,1,1,4,4,4,5,-1,-1,2
1675,2,11,3,5,5,4,5,4,4,3,4,2,5,5,4,2,1,6,2
220,4,16,3,2,3,4,2,1,1,2,2,2,4,4,4,2,0,8,1
282,2,16,1,3,2,3,2,2,3,3,4,3,2,4,2,2,0,12,2
240,4,13,1,3,3,3,4,4,4,4,4,4,5,5,5,5,2,6,1
1394,2,33,1,3,3,4,3,2,2,3,1,2,2,4,5,2,0,12,2
1071,4,11,3,5,4,4,4,2,1,3,4,1,4,5,2,1,-1,-1,2
19,2,16,1,2,2,3,2,1,2,2,1,1,2,2,5,1,-1,-1,2
1482,2,11,3,3,3,4,3,4,4,4,4,4,5,4,4,4,1,1,1
829,2,1,2,4,3,3,3,1,1,1,1,1,2,4,4,4,0,8,2
355,5,13,96,5,5,5,5,1,1,1,1,1,4,4,2,1,0,12,1
1073,4,17,5,1,1,1,1,1,1,1,3,2,5,5,5,1,-1,-1,1
1111,4,35,6,4,2,3,5,2,1,2,3,2,2,5,5,1,2,6,2
2293,4,16,3,2,2,2,1,1,1,1,1,1,2,5,5,2,2,6,2
244,2,6,-98,3,4,4,4,3,3,3,3,3,2,2,2,2,0,12,1
928,4,29,6,2,2,2,3,2,2,3,2,2,4,4,4,4,0,12,2
691,4,11,3,2,1,2,2,1,1,1,1,1,2,2,4,1,2,6,2
162,2,4,3,2,2,4,4,2,1,1,2,1,4,4,4,2,0,11,2
2316,1,1,6,3,5,3,4,3,2,3,3,3,4,1,4,2,2,6,1
751,2,31,2,3,3,3,3,3,3,2,2,2,4,4,4,2,0,12,2
20,4,16,4,3,3,4,1,1,1,1,2,2,5,4,5,1,-1,-1,2
1672,2,6,6,4,-98,4,4,2,3,4,4,2,5,5,5,1,-1,-1,1
393,4,16,11,5,1,4,3,1,1,3,2,1,5,5,5,1,0,12,1
1383,4,16,1,4,3,4,3,1,1,1,2,1,2,1,2,1,1,6,2
43,2,37,3,1,1,3,2,2,2,2,3,1,2,4,2,2,1,6,2
902,4,13,6,1,1,1,1,1,1,1,1,1,2,1,1,1,0,12,1
60,4,13,16,2,3,2,2,1,1,2,1,1,2,2,2,1,1,1,2
806,5,20,5,3,2,3,5,3,3,3,3,4,5,5,5,5,0,12,2
1536,2,34,6,4,4,4,4,2,2,2,2,2,1,1,4,1,0,12,2
1078,1,19,1,4,5,4,5,3,1,3,3,2,4,4,4,4,-1,-1,2
1932,4,13,11,2,2,3,3,2,2,3,3,3,4,4,4,2,1,6,2
1892,2,16,4,2,2,2,1,2,2,2,2,1,4,2,4,2,0,12,1
698,4,16,3,4,4,4,4,2,3,3,2,3,1,4,1,2,0,12,1
38,5,13,3,2,2,1,2,1,1,1,2,1,1,1,1,1,1,1,1
852,1,16,3,5,1,2,1,1,1,1,1,1,5,5,5,5,0,12,1
670,2,-98,6,2,2,2,2,2,2,2,2,3,4,2,2,2,1,1,1
897,5,16,3,1,1,1,1,1,1,1,2,1,4,4,4,2,0,12,1
2558,2,30,6,3,2,3,3,3,2,2,3,2,2,2,4,2,2,6,2
1426,2,36,3,3,5,2,5,2,1,2,2,2,1,2,2,2,0,12,2
1285,4,16,96,2,2,3,2,3,2,3,2,2,2,2,4,4,0,12,2
1443,2,28,-99,3,3,3,3,3,3,3,3,2,2,5,4,4,0,12,2
1628,5,4,11,1,3,3,1,2,1,2,3,3,2,2,2,2,0,12,1
1374,2,1,3,1,1,2,2,1,2,1,3,1,2,4,4,2,0,8,1
507,1,11,3,2,1,1,1,1,1,1,1,1,5,5,5,2,0,12,2
958,4,11,4,4,2,2,2,2,1,3,4,3,1,2,4,2,0,12,2
1044,2,1,-99,4,2,2,2,1,1,1,1,1,1,5,2,1,0,12,2
1181,2,-98,3,5,3,4,3,2,2,2,3,2,2,2,2,2,0,12,2
338,4,19,3,2,2,2,3,3,2,3,3,1,2,2,2,2,0,8,1
1442,2,1,1,5,4,2,3,2,1,1,2,2,4,4,2,2,2,6,1
2532,2,1,1,1,1,1,2,1,3,1,2,1,4,4,4,5,-1,-1,1
826,4,11,4,3,1,1,5,2,2,1,3,2,2,4,4,4,0,12,1
687,2,13,1,3,2,3,2,1,1,2,2,2,5,5,4,2,0,12,2
125,2,20,1,4,4,4,4,3,4,4,4,4,2,2,1,4,1,6,1
1963,4,1,6,3,1,2,2,2,1,2,2,1,2,2,2,2,0,12,1
2265,2,35,1,3,3,4,3,4,4,4,4,4,5,5,5,5,2,6,1
1960,2,16,6,2,1,3,3,1,1,2,1,1,4,4,4,2,0,12,2
1349,4,11,3,1,1,2,4,3,1,2,1,1,1,4,2,1,0,8,2
1435,2,1,3,5,5,4,4,2,2,2,2,2,2,2,2,4,0,8,1
2499,2,16,6,1,1,1,1,1,1,1,1,1,1,1,4,1,0,8,1
1400,2,11,3,1,1,1,1,1,2,1,1,1,2,2,4,1,1,1,1
1036,2,36,3,2,2,1,1,2,3,2,2,1,2,2,4,2,1,1,2
2222,4,13,3,2,2,3,3,1,1,1,2,2,4,4,4,2,0,12,2
995,2,16,3,3,3,3,2,3,2,3,3,2,4,4,4,4,1,6,1
1673,4,16,4,3,3,4,4,2,1,4,2,2,2,2,2,2,0,12,2
1711,2,5,-98,3,3,3,3,3,2,3,3,2,4,5,4,2,2,6,2
238,4,16,3,3,2,2,1,2,1,1,2,2,4,4,5,2,0,12,2
1583,2,33,3,5,3,2,2,1,1,2,1,1,2,2,2,1,0,8,1
345,2,16,3,3,3,4,3,3,2,2,3,2,2,4,4,4,0,12,1
2574,2,16,4,3,2,3,3,2,1,3,2,2,2,4,4,2,2,6,2
232,2,1,3,5,5,3,4,2,1,1,2,2,2,2,4,2,0,12,2
419,2,-99,1,2,3,2,3,1,2,2,2,2,4,5,4,2,0,12,2
760,4,11,4,1,1,2,2,1,1,1,2,1,2,4,5,1,1,1,2
1369,2,2,3,2,1,3,3,3,3,4,3,3,1,4,2,4,1,6,1
630,4,11,5,3,4,4,2,3,3,2,2,2,4,4,4,2,1,1,1
765,1,29,1,3,3,3,3,2,2,2,2,2,2,2,2,4,2,6,1
1020,2,8,3,2,1,2,2,1,1,1,1,1,4,5,5,1,0,12,2
50,2,1,4,4,4,3,4,2,2,2,2,2,2,4,4,2,1,1,2
1197,4,16,1,3,4,3,3,2,1,2,2,3,2,2,2,2,2,6,1
22,2,1,3,4,4,3,3,2,2,3,4,3,4,4,4,2,-1,-1,2
983,4,1,11,2,1,1,2,1,2,2,4,1,2,2,2,2,0,12,1
1022,4,1,3,4,2,2,2,2,3,3,3,1,2,4,4,5,-1,-1,2
866,1,-98,3,3,3,3,3,2,2,2,2,2,1,4,4,2,0,12,2
642,4,19,1,3,4,2,1,2,2,2,2,1,2,4,4,1,1,6,2
461,4,13,5,3,3,3,3,3,3,3,2,1,2,4,2,2,2,6,1
13,2,11,3,1,1,1,1,1,1,1,1,1,2,4,4,5,-1,-1,1
1050,2,1,16,2,1,4,4,2,2,3,4,1,4,4,4,-99,-1,-1,2
924,2,16,3,2,2,3,3,1,3,3,2,1,4,4,4,2,1,6,2
997,2,1,1,3,3,3,3,1,1,2,1,1,5,5,4,2,2,1,2
1365,4,11,4,3,2,3,2,2,1,2,3,2,1,4,2,4,0,12,2
746,2,11,24,4,4,4,3,3,3,3,3,3,2,2,4,2,0,12,1
1,2,2,1,2,2,3,3,2,3,-98,1,2,4,4,5,-98,-1,-1,2
681,2,16,-98,3,2,2,2,2,1,2,2,1,2,4,4,2,2,6,2
1222,2,5,3,-98,-98,-98,-98,3,3,2,-98,2,2,-98,-98,1,0,12,2
628,4,20,97,4,4,3,1,1,1,1,2,2,4,4,4,2,0,12,1
1440,2,1,-99,3,2,3,3,2,2,2,2,2,4,4,4,4,0,8,2
45,2,16,1,4,2,4,3,3,2,2,3,2,2,5,2,2,1,6,2
168,2,28,1,4,3,3,3,4,2,3,3,3,5,5,5,5,0,12,2
748,2,11,5,2,2,3,1,1,1,1,1,1,4,4,4,1,0,12,1
1358,1,1,95,5,4,4,4,3,2,3,2,1,1,1,2,2,-1,-1,2
439,2,18,3,3,3,4,3,3,3,3,3,3,4,4,4,4,1,6,1
1096,2,1,4,5,4,4,4,3,4,3,3,3,4,4,4,4,-1,-1,2
2121,2,16,1,3,2,4,4,3,3,3,3,2,2,4,2,4,0,8,2
46,4,5,97,2,3,1,1,2,2,2,2,1,4,5,4,5,-1,-1,2
524,2,13,1,4,5,4,4,3,3,4,3,3,5,5,5,5,0,12,1
1693,4,6,1,1,1,2,2,1,1,1,2,2,2,4,4,4,0,12,2
155,2,1,97,3,3,3,3,2,2,2,2,2,4,4,4,2,0,12,1
1393,2,33,1,2,1,2,3,1,1,1,3,3,2,1,2,2,0,12,2
2270,4,13,3,2,2,2,2,2,2,3,3,2,4,4,2,1,0,12,1
1262,2,11,96,3,2,3,3,2,1,3,4,3,1,1,2,2,0,12,2
223,2,8,1,3,4,4,4,3,2,2,3,3,2,4,2,2,1,6,2
754,4,16,4,2,1,2,1,2,1,2,3,2,1,4,4,1,2,1,1
2550,4,16,4,3,2,3,1,1,1,3,4,3,2,2,2,1,0,12,1
682,2,1,-98,4,5,3,3,1,1,2,2,2,4,5,5,2,2,6,2
1031,2,11,24,2,2,2,1,2,1,1,2,2,4,4,4,1,-1,-1,2
1030,2,34,1,3,3,4,4,3,3,4,3,2,4,2,2,4,-1,-1,1
680,2,11,1,4,4,3,4,3,2,3,3,3,4,4,5,2,2,6,1
1039,4,16,-98,5,4,1,1,1,1,1,1,1,4,4,4,5,-1,-1,2
925,2,96,1,3,3,3,3,2,3,2,2,3,5,5,5,1,0,12,1
2563,2,34,1,4,4,3,4,1,1,3,2,3,2,5,1,1,-1,-1,1
727,1,16,1,3,2,3,2,3,2,4,3,2,4,4,5,2,2,6,2
1617,2,19,8,5,5,5,5,2,3,4,2,2,5,5,5,5,0,12,1
2092,4,11,97,2,1,2,2,1,1,1,2,1,2,4,4,2,0,12,2
1678,4,32,95,2,1,2,3,1,1,2,1,1,4,4,5,1,0,8,1
816,4,34,2,2,1,2,2,1,1,1,2,1,2,4,1,1,0,12,1
736,4,11,1,3,2,3,3,3,2,3,3,3,5,5,5,4,0,12,2
348,2,11,1,4,4,4,4,3,2,3,4,3,4,5,5,2,2,6,1
2581,4,16,3,4,4,2,2,1,1,1,2,1,2,1,1,4,0,8,2
1375,4,1,-98,2,2,2,3,3,3,4,3,3,2,4,4,4,0,12,2
111,4,11,5,2,2,2,1,1,1,2,3,3,2,2,2,4,0,12,1
330,2,16,1,2,2,4,2,2,1,2,1,1,4,4,4,2,2,6,2
903,2,11,4,4,4,4,4,3,3,4,3,2,5,4,5,2,0,12,2
711,2,16,1,4,3,4,3,2,2,2,2,3,4,4,4,2,0,12,2
1936,1,17,1,5,5,3,3,3,3,3,3,2,4,4,4,5,-1,-1,2
518,2,13,1,3,4,3,3,1,2,2,2,1,4,4,2,2,0,12,1
2321,4,14,1,4,4,3,3,2,2,3,3,2,1,2,2,2,0,12,2
741,2,1,3,2,2,1,2,1,1,1,2,1,1,1,2,1,0,12,1
2513,4,11,4,3,1,1,1,1,1,1,2,1,2,5,4,1,1,6,2
503,4,13,-98,1,1,1,1,1,1,1,1,1,1,4,1,1,2,6,2
1361,2,35,3,4,4,3,3,3,3,4,3,3,2,2,2,2,2,6,2
702,4,36,11,3,2,1,3,2,2,2,2,2,4,4,4,2,0,12,1
597,4,36,1,5,5,1,1,1,1,1,1,1,2,2,2,2,-1,-1,2
1412,2,16,1,5,4,3,3,1,1,2,2,1,2,4,4,4,-1,-1,2
1231,2,-98,1,3,2,3,3,3,2,3,3,3,5,5,5,1,0,12,2
1419,4,11,8,5,4,3,3,1,1,1,1,2,5,5,4,-98,-1,-1,2
1832,2,16,1,3,3,3,3,3,1,3,3,3,2,2,2,4,1,6,1
1359,2,16,1,5,1,2,3,3,2,3,3,1,2,5,4,1,0,12,2
1683,4,1,3,5,5,5,5,1,1,1,1,1,1,1,1,2,-1,-1,1
453,5,11,3,5,4,4,3,2,1,2,3,1,1,1,4,2,1,13,1
729,2,1,3,2,2,4,3,2,1,3,2,1,1,5,4,4,0,12,1
1332,4,16,1,5,3,4,4,1,2,2,1,1,4,4,4,2,2,6,1
567,2,11,1,3,3,4,4,3,2,3,3,2,4,4,4,2,0,12,2
1800,2,4,1,4,4,4,3,3,3,4,4,3,4,4,4,4,1,1,1
375,2,1,1,5,5,3,5,1,2,1,1,2,4,4,4,2,2,6,2
1342,2,30,3,3,3,4,4,3,3,3,4,2,4,4,4,2,0,12,2
600,4,16,15,1,1,1,1,1,1,1,1,1,2,4,5,1,0,12,1
442,4,30,3,3,3,3,2,3,3,3,3,3,4,4,4,2,1,1,2
1101,2,30,1,2,2,3,2,1,2,2,2,1,4,4,4,1,1,6,2
1145,2,1,4,3,2,1,2,1,1,1,1,1,4,4,4,4,-1,-1,2
809,2,32,4,5,1,3,5,1,1,2,3,1,1,2,1,2,0,12,1
41,2,13,3,4,4,4,4,2,2,1,2,2,2,4,4,2,1,1,1
588,1,36,1,5,5,5,2,2,1,4,2,1,5,5,5,1,-1,-1,2
1701,2,8,4,2,2,2,2,2,2,2,3,2,5,5,5,4,1,6,2
1802,2,19,4,3,2,3,2,2,1,3,3,2,2,2,4,4,0,8,1
686,4,19,3,2,2,2,2,2,2,3,3,2,2,2,4,4,0,12,1
701,1,11,4,4,2,4,2,2,2,3,2,2,5,5,4,5,-1,-1,2
1221,4,16,2,1,5,1,3,1,1,1,1,1,2,4,4,1,0,12,1
1705,2,1,3,3,2,4,4,2,2,3,3,3,2,4,4,4,0,12,2
1263,2,17,4,2,2,2,2,1,1,1,1,1,5,4,2,1,2,6,2
1694,2,19,3,2,2,3,3,2,2,3,3,1,5,5,4,4,-1,-1,1
1499,1,13,1,5,3,4,4,3,3,3,3,3,4,4,4,1,2,6,2
1120,2,16,1,2,2,3,2,1,1,2,2,1,1,1,2,1,2,6,1
1623,2,35,1,3,4,2,2,2,1,2,3,2,4,4,4,2,1,1,1
1143,4,17,3,4,2,2,2,1,1,1,2,1,2,4,4,1,-1,-1,2
1451,4,1,1,5,4,3,4,4,3,4,4,3,2,4,5,2,-1,-1,2
1268,4,11,5,4,3,4,4,1,1,3,3,1,2,4,4,1,2,6,2
284,2,96,1,5,3,4,5,1,1,1,1,1,1,2,2,1,0,12,2
1434,1,5,2,2,1,2,2,1,1,1,2,1,4,4,2,1,-1,-1,1
715,2,1,3,5,5,4,5,1,1,1,3,1,4,5,4,4,-1,-1,1
200,2,30,1,4,4,4,4,1,1,2,3,3,2,4,2,2,0,12,1
1183,5,13,6,4,5,1,1,1,2,2,1,1,5,5,5,5,-1,-1,2
1989,2,13,1,3,3,3,3,3,3,3,3,2,2,4,4,2,0,12,2
1173,2,30,3,2,3,1,2,1,4,2,3,1,2,4,4,4,-1,-1,1
455,2,36,1,3,2,2,3,2,2,2,2,2,5,5,5,5,1,1,1
869,2,13,2,4,5,5,4,1,1,2,1,1,2,4,5,1,0,12,2
2503,2,-98,-98,4,4,4,5,3,2,3,4,3,4,5,4,4,1,1,2
1446,4,11,3,3,2,2,1,2,2,2,3,2,2,2,4,4,0,12,2
40,5,35,3,3,2,3,2,2,2,2,2,2,2,2,2,2,1,6,2
857,1,13,11,3,3,2,2,1,1,1,2,1,4,4,2,1,0,12,2
1335,2,13,4,2,3,1,1,1,1,1,3,2,1,2,2,2,0,12,1
2198,2,28,3,3,3,3,3,3,3,3,3,3,4,4,2,2,1,6,2
870,2,16,1,4,4,4,4,2,1,2,2,1,2,4,2,1,0,12,1
237,1,6,1,2,1,1,1,1,1,1,1,1,1,1,5,1,1,1,1
1646,2,29,3,3,4,3,2,3,3,4,4,3,4,4,4,2,0,12,2
1223,4,32,3,1,2,3,1,2,2,2,2,2,4,4,4,4,0,12,1
1063,2,96,3,3,3,3,3,4,4,4,4,3,2,4,4,4,0,12,2
1662,2,96,1,5,4,4,5,1,2,2,4,1,4,4,4,1,2,6,2
1506,2,-98,4,3,3,4,3,4,2,4,2,2,4,1,-98,1,2,6,2
854,5,37,4,3,3,1,2,2,1,2,2,2,2,2,2,2,0,12,2
1241,2,16,1,1,2,4,1,2,1,2,2,2,1,4,2,1,2,6,1
319,4,13,1,2,1,3,2,4,4,4,4,4,1,1,1,1,0,12,1
2522,5,35,4,1,2,1,1,1,1,1,3,1,1,1,2,1,2,6,1
124,2,1,4,2,2,2,2,2,2,2,2,2,4,4,4,2,0,12,2
2297,2,16,1,2,2,2,2,2,1,1,1,1,2,2,2,1,0,12,1
1530,2,16,-98,4,4,3,3,2,2,2,3,1,1,4,4,2,0,12,2
638,2,13,1,3,4,2,2,2,4,1,3,1,4,5,4,2,1,1,1
1606,1,17,3,4,2,4,4,1,1,3,3,3,5,5,5,4,-1,-1,2
942,2,11,3,2,2,4,4,3,2,4,4,2,1,2,2,2,1,1,1
2249,2,13,97,2,2,2,2,2,2,2,2,2,4,4,5,2,-1,-1,2
551,2,14,5,4,4,4,4,3,4,3,4,3,2,2,2,4,1,6,1
160,2,-98,1,3,2,3,3,1,1,1,2,1,2,1,2,2,0,12,1
667,2,13,1,5,5,5,5,3,2,3,3,3,4,4,1,4,1,6,1
618,2,13,1,3,5,3,5,3,3,4,3,2,4,2,2,2,0,12,1
1308,2,20,3,4,2,4,4,3,2,2,3,3,2,4,4,2,0,12,2
1568,4,-98,1,2,1,5,2,3,1,2,3,1,5,1,4,5,-1,-1,1
2206,4,32,1,2,2,2,1,1,2,2,1,2,4,5,4,2,0,8,1
1112,2,1,1,3,3,3,4,3,2,3,4,3,1,2,1,2,1,1,1
1967,2,6,4,4,3,3,4,3,2,2,3,2,4,2,2,2,1,1,2
1842,4,11,96,3,5,4,4,2,1,3,2,1,2,4,4,1,2,6,2
228,4,1,3,1,1,1,1,1,1,1,1,1,5,5,5,1,1,6,2
58,2,1,3,3,5,4,4,1,1,1,1,2,1,1,2,2,1,6,1
739,2,16,4,3,4,4,4,3,2,3,3,2,4,4,4,2,2,6,2
1234,2,5,1,2,1,3,3,2,1,3,2,2,4,4,4,2,0,8,2
1736,1,-98,3,3,2,3,2,3,3,3,3,3,4,4,4,4,1,6,1
192,2,5,1,4,3,4,3,2,2,2,2,2,2,4,2,1,1,6,1
635,2,11,4,2,2,1,2,3,2,1,4,3,4,4,1,4,1,1,2
804,2,13,1,3,3,3,3,2,1,3,1,1,5,4,4,2,1,6,1
1527,1,-99,-99,3,3,3,3,3,2,2,4,3,4,4,4,4,1,6,2
1559,2,1,3,4,4,3,4,3,3,3,4,2,2,4,4,2,-1,-1,1
2253,4,16,11,2,2,1,1,2,2,2,2,2,5,5,4,2,0,8,2
1083,4,13,1,5,4,5,4,3,3,2,3,3,4,4,4,4,-1,-1,2
1760,2,1,1,5,5,5,5,1,1,1,1,1,5,4,4,1,0,12,1
652,2,1,3,3,3,4,4,4,3,2,3,2,2,2,2,4,1,1,1
39,2,1,1,3,5,3,3,3,2,3,2,3,2,2,2,2,1,1,1
779,2,4,4,2,2,3,2,1,1,2,2,1,2,4,4,1,0,8,2
1561,4,19,1,3,3,3,3,3,3,3,3,3,4,4,4,2,0,12,2
1643,2,16,4,1,1,2,4,1,1,2,4,2,4,4,4,4,0,12,1
1793,4,11,4,2,2,4,4,3,3,4,4,3,5,5,5,2,0,12,1
389,2,35,1,3,3,1,3,2,2,2,2,2,2,2,2,2,0,12,1
657,2,11,95,2,2,4,1,2,1,2,2,1,1,5,4,1,2,6,2
489,1,11,1,4,4,4,4,4,3,4,4,3,2,2,2,2,1,6,2
1840,2,20,97,4,4,3,3,4,2,3,4,4,1,2,1,2,0,12,2
1735,1,8,1,1,5,1,1,1,2,2,1,2,1,1,1,1,1,1,1
1522,2,1,1,4,4,5,5,2,3,2,3,3,2,2,2,2,0,12,1
99,4,1,97,3,5,4,3,1,1,2,2,1,2,2,4,2,2,1,2
2004,2,96,4,3,2,3,4,1,1,1,1,1,5,5,4,4,0,12,2
2332,2,1,4,3,3,4,3,1,3,2,2,2,2,4,4,1,0,8,1
1480,2,11,3,3,3,3,3,3,3,3,4,2,2,4,2,2,1,6,2
417,2,16,-99,4,4,4,2,3,2,3,4,1,4,4,4,4,0,12,2
2314,4,13,1,5,5,5,4,1,1,1,1,1,4,4,2,2,1,6,2
794,2,16,4,2,2,3,3,1,1,2,1,2,1,4,4,2,0,12,2
2520,4,6,4,2,2,2,2,3,2,2,3,2,2,2,2,1,0,12,2
49,4,4,1,3,3,4,4,2,2,4,3,2,2,4,2,4,1,1,1
575,4,11,3,2,4,4,4,2,2,3,4,2,2,4,4,2,1,6,2
1587,2,-98,1,3,3,4,1,3,2,4,2,2,4,2,2,1,1,6,2
415,2,13,1,3,3,3,3,3,3,1,3,2,2,4,4,4,0,12,2
2345,2,13,3,1,1,2,4,2,1,2,3,2,2,4,5,2,0,12,2
425,4,6,3,4,1,2,3,1,1,2,3,2,1,2,2,2,0,8,1
2247,2,4,3,1,1,1,1,3,3,3,3,3,4,4,4,2,0,12,1
251,2,1,4,3,3,3,3,3,3,3,3,2,4,4,4,2,0,12,2
331,4,35,3,2,2,3,4,2,1,2,2,1,1,2,2,1,1,1,1
1884,4,35,3,2,2,3,3,3,1,3,3,2,2,2,2,2,0,8,2
295,2,13,1,3,3,3,3,1,1,1,1,1,1,1,1,2,0,12,2
272,2,1,3,2,3,4,2,3,2,2,3,1,4,4,4,2,0,8,1
619,4,13,3,3,3,3,2,2,2,3,3,3,4,4,4,5,0,12,2
1803,2,1,3,3,4,3,2,3,3,4,3,3,4,4,4,2,1,1,1
42,2,5,3,4,2,2,2,1,2,2,3,2,2,2,4,2,1,1,2
704,5,1,-98,1,1,1,3,1,1,1,2,1,5,5,5,4,2,6,2
1713,2,1,3,3,4,4,4,3,2,1,2,2,2,4,1,2,1,6,1
582,2,19,1,3,3,3,3,4,4,4,4,3,1,4,4,4,1,1,2
311,4,19,4,4,4,3,3,1,2,2,3,1,2,2,1,2,1,6,2
1674,2,13,97,3,2,2,3,2,1,2,2,2,2,4,4,2,0,12,1
980,2,34,4,3,2,2,2,3,2,1,3,1,4,4,4,2,1,6,2
1260,2,19,4,3,1,2,2,2,2,2,2,1,1,4,1,1,0,8,2
604,4,32,-98,3,3,3,3,1,1,1,1,1,1,2,2,1,0,12,2
1686,2,20,3,3,3,3,3,3,2,2,2,2,5,5,5,5,0,12,2
555,1,1,3,4,3,4,5,4,3,4,3,2,4,5,2,5,2,6,1
1806,2,1,3,3,2,2,2,3,3,2,3,3,2,2,2,2,1,6,2
1854,2,4,3,3,3,4,4,1,1,3,1,1,1,4,4,2,2,6,2
788,2,20,1,3,3,4,4,3,3,4,3,2,2,2,2,1,0,12,1
281,4,16,5,2,2,2,2,2,2,2,2,2,2,1,2,2,0,12,2
337,2,16,96,2,5,1,1,1,2,2,2,1,5,4,5,1,0,8,1
479,2,16,96,4,3,4,3,1,1,1,1,1,2,4,4,1,1,6,1
547,2,16,8,2,1,3,3,2,2,2,2,1,2,4,2,4,1,1,1
520,4,13,1,4,2,4,4,2,2,3,3,2,4,4,4,1,1,1,2
117,5,11,3,2,1,1,1,3,2,1,4,1,1,1,2,1,0,12,1
1716,5,1,3,4,4,4,3,3,1,2,3,2,2,4,2,2,1,6,1
2142,2,34,1,4,4,4,4,2,3,3,3,2,2,2,2,2,2,6,2
1977,2,11,4,4,4,4,3,3,3,2,3,3,4,4,2,1,0,8,1
2554,2,4,4,4,3,4,3,3,3,4,3,3,2,5,5,2,1,6,2
1060,2,34,96,3,2,2,1,1,1,1,1,1,1,1,4,2,-1,-1,1
1194,2,19,1,4,4,4,4,2,2,3,3,3,3,4,2,4,0,12,1
1996,4,5,3,1,1,3,1,1,1,3,2,1,2,4,4,2,1,1,2
211,4,11,4,3,2,2,3,2,2,2,3,2,2,2,4,1,0,12,1
2038,1,1,1,3,3,2,2,4,2,3,2,2,4,4,4,4,1,1,1
1490,4,11,4,2,2,2,2,2,2,2,3,2,4,5,4,4,0,8,2
2228,4,1,3,2,1,2,2,1,1,1,1,1,2,4,4,1,0,12,2
593,2,20,1,4,1,4,2,3,3,4,3,2,4,2,4,2,2,6,1
599,2,16,97,5,2,3,3,1,2,1,2,2,2,1,2,1,0,12,1
753,4,11,4,1,1,1,1,1,1,2,2,1,1,2,2,2,0,12,2
2449,1,11,1,4,3,3,4,3,3,3,3,3,2,2,2,4,-1,-1,2
499,4,16,4,1,1,2,1,1,1,1,2,2,5,5,5,1,1,1,2
1878,2,11,1,3,3,3,4,1,1,1,1,1,2,2,2,2,1,1,2
949,2,1,1,3,2,2,3,2,2,1,2,1,4,1,2,1,0,12,1
2525,1,16,1,4,2,4,4,3,3,3,3,2,2,4,2,2,0,12,2
660,2,1,1,3,3,3,3,2,1,2,1,2,4,4,5,4,2,6,2
1764,2,13,3,4,4,4,2,2,3,3,3,2,1,1,2,1,1,6,2
2170,4,1,5,2,1,2,2,1,1,1,2,1,1,1,1,1,0,12,2
916,4,16,-98,3,4,2,4,1,1,2,2,1,1,1,2,1,0,12,1
1814,4,11,4,2,1,1,1,1,2,2,2,1,1,2,1,5,2,6,2
1951,4,16,95,2,2,3,2,2,2,2,4,2,1,2,4,2,0,12,2
1123,4,19,10,3,3,3,2,3,3,4,3,3,-98,4,4,2,2,6,2
1448,2,36,3,4,4,4,4,3,3,3,3,3,2,2,2,2,0,8,2
227,2,20,1,2,2,3,2,2,2,2,2,1,4,4,4,4,0,12,1
472,1,11,3,2,2,1,1,2,1,1,2,2,4,4,2,4,1,6,2
1542,2,-99,3,2,2,2,2,2,2,3,2,2,2,4,2,2,1,6,2
1755,2,16,4,1,2,3,4,3,2,2,3,2,2,4,1,4,2,6,1
2181,1,11,3,2,2,3,4,1,2,3,3,2,5,4,4,4,0,8,2
662,2,1,97,3,4,3,4,1,1,1,1,2,4,5,4,2,2,1,2
352,4,4,3,2,1,1,2,1,1,1,1,1,4,4,2,2,0,12,2
484,2,29,-98,3,2,4,3,2,2,2,2,2,2,4,4,2,0,12,1
2409,1,11,97,2,2,2,2,2,2,2,2,2,2,4,4,2,0,12,1
2165,1,17,4,3,2,3,2,2,2,3,3,3,5,5,4,4,1,6,2
1303,2,1,3,4,2,3,2,2,2,3,3,2,2,5,2,2,1,6,2
899,2,12,4,4,4,2,4,3,2,2,2,2,2,2,2,2,0,12,2
2054,4,14,4,2,1,2,3,3,3,2,4,2,4,5,5,4,1,6,2
1373,2,30,6,4,4,3,5,2,2,3,3,2,4,4,4,4,0,12,1
224,4,11,-98,3,3,1,1,2,2,1,2,1,2,2,2,2,1,1,2
810,4,36,1,5,5,3,1,1,1,1,2,1,1,1,1,1,1,6,2
1133,2,13,1,2,2,2,2,1,1,2,2,2,2,4,2,5,-1,-1,1
163,2,32,1,3,3,3,2,3,2,2,3,3,4,4,4,2,1,6,2
2235,2,11,4,3,2,2,2,1,2,2,4,3,5,5,1,4,0,8,1
2073,4,16,3,4,2,4,2,4,2,3,4,3,2,4,4,2,1,6,1
536,2,11,1,2,1,3,2,3,3,4,3,2,5,5,5,5,0,8,2
2002,2,1,4,4,4,3,4,2,1,2,3,3,4,4,2,4,1,1,2
1253,4,11,2,4,3,4,3,4,3,4,3,3,4,4,4,4,0,8,2
1149,2,1,96,4,5,2,2,2,1,3,2,1,4,2,4,4,-1,-1,1
1160,4,13,1,5,5,3,4,1,1,1,1,1,1,2,2,2,-1,-1,2
2019,2,1,1,4,4,4,3,1,3,3,2,2,2,4,2,1,0,12,1
1381,4,20,-98,3,2,3,3,1,1,3,2,2,1,2,2,2,0,8,2
71,2,13,-99,5,5,5,5,1,1,1,1,1,4,4,4,1,0,12,2
1510,2,20,4,2,3,4,3,1,1,1,2,1,2,2,2,2,1,1,1
1868,4,20,4,4,4,3,2,1,1,2,3,2,2,4,4,4,0,12,1
998,2,1,2,4,5,2,3,2,2,2,3,2,2,2,2,2,0,12,1
979,2,1,3,3,3,4,3,1,1,2,3,2,1,4,2,2,0,12,1
1453,4,16,-99,3,3,1,1,1,1,1,1,1,2,4,4,1,-1,-1,2
565,2,1,1,3,3,3,3,1,1,1,2,1,2,2,2,2,0,12,1
654,4,5,3,2,3,4,2,1,1,2,1,1,4,2,1,2,2,6,2
256,2,13,1,1,1,2,3,1,1,2,2,1,1,2,1,1,1,6,2
1350,3,36,1,3,2,4,3,3,3,3,4,3,4,4,4,4,-1,-1,2
2058,2,17,1,4,4,4,4,3,3,4,-98,3,2,2,2,4,0,12,1
66,2,2,1,2,2,3,3,1,2,1,1,1,2,4,2,2,0,11,1
911,2,13,1,3,4,3,2,2,2,3,3,1,2,4,4,2,2,1,1
390,1,16,97,2,1,2,1,2,1,2,1,1,4,4,4,2,0,12,1
2079,2,13,3,3,2,2,2,1,1,1,1,1,5,5,4,5,0,12,1
1121,2,1,11,2,2,2,2,2,2,2,3,2,4,4,4,2,1,6,1
165,2,1,1,4,2,4,4,4,3,4,3,4,5,5,2,4,1,6,2
888,2,26,1,1,1,1,1,1,1,1,1,1,2,4,2,1,2,1,1
1645,2,18,1,4,2,3,3,2,2,2,4,3,2,4,4,4,0,12,1
550,2,4,-98,3,4,4,3,3,2,2,4,1,4,4,2,2,1,6,2
2001,2,1,4,1,1,2,1,1,1,1,3,1,1,1,4,1,1,1,1
1667,2,1,97,2,3,3,4,1,1,3,3,1,5,5,5,2,-1,-1,1
2185,2,20,3,4,4,3,2,4,3,3,3,1,4,5,5,1,2,6,2
989,2,16,1,2,2,2,2,4,4,3,4,4,5,5,5,5,1,1,1
1597,1,-98,6,3,3,3,3,1,1,1,1,4,2,4,2,2,1,1,2
2204,2,6,1,4,4,4,4,3,3,3,3,3,2,2,2,2,1,6,2
1191,4,16,4,2,2,1,2,1,2,2,3,1,1,2,4,1,1,1,2
1106,2,-98,4,2,4,4,5,3,2,2,3,3,4,4,4,2,1,6,2
1575,4,-99,3,4,3,2,2,2,2,1,2,1,2,2,1,1,0,12,1
497,4,13,3,5,5,5,5,2,1,2,2,1,2,2,4,2,0,12,1
2358,4,13,2,5,4,4,4,1,1,1,3,1,4,5,5,5,-1,-1,2
934,4,16,3,2,1,2,3,2,3,2,2,1,1,1,1,2,0,12,2
2538,2,16,3,4,3,4,3,4,4,4,4,3,4,4,5,4,2,6,2
572,2,-98,1,4,4,4,3,3,3,3,3,2,2,5,2,2,0,12,1
370,2,4,3,3,2,2,2,3,2,2,3,3,2,2,4,2,2,1,2
2576,2,36,3,4,4,4,4,3,3,3,3,1,2,4,4,4,0,12,2
2008,2,19,1,3,4,4,4,3,3,3,3,3,4,4,4,2,0,12,2
526,5,11,4,4,5,2,5,3,2,2,3,2,4,4,4,4,1,6,1
260,5,16,3,1,1,1,1,1,1,1,1,1,5,5,5,1,0,12,2
1258,4,29,1,4,3,4,3,2,2,3,3,1,2,4,2,2,1,6,2
34,2,14,3,1,1,1,1,3,3,1,3,2,4,4,5,2,1,6,2
1355,4,33,5,2,2,2,2,2,2,2,2,2,4,4,4,2,0,12,2
2530,4,32,11,3,2,3,2,1,1,2,1,2,4,5,5,2,0,12,2
1690,2,32,1,3,3,3,2,2,2,2,2,2,2,4,4,2,1,1,1
1276,2,1,1,4,2,4,4,3,3,4,4,4,5,5,5,5,0,12,1
1470,1,16,5,3,4,3,2,1,2,1,1,1,1,2,2,1,2,6,2
1743,2,1,1,2,2,3,3,3,3,4,3,3,4,4,4,2,1,6,2
1228,1,16,3,2,3,3,2,1,1,1,2,2,4,4,2,1,0,8,2
730,2,1,6,4,3,2,2,3,3,3,4,2,5,4,5,1,0,12,1
1855,5,11,3,2,2,1,2,2,2,2,3,2,1,4,4,2,1,1,2
833,2,5,1,2,3,3,3,3,2,3,3,3,2,2,2,2,1,6,1
1224,4,13,-98,4,4,4,2,4,4,2,4,4,5,5,5,1,1,6,2
2277,4,29,1,5,5,2,2,1,2,2,2,2,4,5,5,4,-1,-1,1
1175,5,1,97,1,1,1,1,1,1,1,4,1,5,5,5,5,-1,-1,1
2120,4,16,4,5,5,2,5,1,1,2,1,1,2,4,4,1,1,1,1
2153,4,20,3,2,2,4,3,4,1,2,1,1,4,4,4,1,-1,-1,1
511,4,11,3,5,5,4,5,1,1,1,1,1,5,5,4,5,0,12,1
210,1,11,1,4,4,4,4,4,4,4,4,4,2,4,4,4,0,12,1
658,2,-98,1,4,4,4,4,2,2,3,3,3,2,4,4,4,0,12,2
314,2,1,2,3,3,3,2,1,2,1,1,2,4,2,4,4,1,6,1
889,4,13,1,5,4,4,4,1,1,3,3,1,2,4,2,1,0,12,2
250,4,16,13,1,1,1,2,1,1,2,2,1,1,2,2,2,0,12,1
1935,2,13,6,4,4,3,3,1,1,1,1,1,4,2,4,1,2,6,2
2613,4,16,4,2,1,1,1,2,2,2,2,1,1,2,2,1,0,12,2
78,4,4,3,2,4,3,2,2,2,3,3,2,4,5,4,1,1,1,2
122,2,-98,5,2,3,3,4,1,2,2,1,2,2,2,2,1,1,1,1
609,2,11,2,3,2,2,2,1,1,2,1,1,4,4,2,2,0,12,2
939,2,11,3,3,2,2,2,3,1,4,4,1,4,4,4,1,0,12,1
929,4,28,96,2,2,2,2,2,2,2,2,2,3,4,4,2,1,6,1
1897,2,16,1,4,4,4,4,2,1,2,2,2,2,4,4,2,0,12,1
1042,4,11,4,2,2,2,2,1,2,3,3,1,1,2,5,2,0,12,2
959,2,11,3,4,4,2,2,2,2,2,2,2,2,2,2,2,0,12,1
843,4,11,3,3,3,4,3,2,2,3,3,2,4,4,4,4,0,12,1
1249,2,33,-98,2,2,2,1,3,3,2,-98,3,5,5,5,4,0,12,1
1634,4,13,8,3,3,3,2,1,1,1,1,1,4,4,2,2,0,12,1
1343,2,-98,3,2,2,2,2,1,1,2,2,1,1,2,2,2,2,6,2
151,2,27,-98,2,2,1,2,2,2,2,2,-98,2,-98,2,2,2,6,2
1887,2,4,1,2,2,2,2,1,2,2,2,2,4,4,4,4,0,12,1
57,2,11,3,4,4,4,1,2,2,2,2,2,2,2,2,2,0,12,2
1392,4,96,1,2,2,3,2,2,3,3,3,3,4,4,4,2,1,1,1
450,2,36,1,3,3,4,3,3,1,3,1,1,2,4,5,2,0,12,2
145,2,20,4,2,1,2,5,1,2,2,4,1,2,2,2,4,1,6,2
1831,2,96,1,3,3,2,4,3,3,2,3,1,1,2,3,2,0,8,2
1834,4,13,3,4,3,4,2,3,3,3,4,3,4,4,5,2,1,6,2
1416,4,16,1,3,3,3,3,3,3,3,2,3,2,4,2,2,0,12,2
724,2,11,1,1,2,4,4,3,3,4,4,2,5,5,5,2,1,6,2
445,2,96,1,4,3,3,4,2,2,2,2,2,4,4,4,4,2,6,1
800,4,20,4,3,2,2,3,3,3,2,4,2,2,4,5,4,2,6,2
1629,4,11,4,3,3,3,3,1,1,2,2,1,1,1,2,1,2,6,2
2285,4,11,4,1,1,2,1,2,2,2,3,2,2,4,2,2,1,6,1
44,4,16,4,2,2,2,1,2,2,1,3,1,2,4,2,1,1,6,2
713,4,11,3,1,1,2,2,3,2,1,1,1,1,4,4,2,0,12,1
1823,1,29,1,3,2,4,3,2,2,3,4,3,4,5,4,2,0,8,1
1676,2,16,3,2,3,3,2,2,1,2,2,1,2,4,4,2,0,12,1
119,2,20,6,4,3,4,4,2,2,2,2,2,1,4,2,2,0,12,1
2044,2,1,1,4,4,2,3,1,3,4,3,2,2,5,4,-98,-1,-1,2
496,4,13,1,5,5,5,5,2,2,2,2,2,2,2,2,1,0,8,1
1429,4,20,3,3,2,4,2,3,3,2,3,2,2,2,2,4,0,12,2
235,1,16,3,4,3,2,3,1,1,1,1,1,4,4,4,1,0,12,1
540,2,18,3,3,3,4,2,2,2,2,2,2,2,4,4,4,0,12,1
905,4,16,3,3,2,2,1,2,1,1,2,1,2,4,2,1,2,1,1
2371,2,16,2,3,2,2,2,3,2,2,3,2,2,2,2,2,1,6,1
527,2,-98,1,3,3,3,3,3,3,3,3,3,4,4,4,4,0,8,2
2305,4,1,3,3,3,3,3,4,3,4,3,3,5,5,5,5,2,6,1
2531,2,2,2,5,2,4,4,2,2,3,3,1,2,4,2,2,2,6,2
1008,4,16,4,1,2,2,2,2,2,3,3,2,2,4,4,2,0,12,2
1750,2,16,4,3,3,2,2,2,2,2,3,3,4,4,2,2,1,6,1
2007,4,29,1,3,3,3,3,2,3,3,3,3,2,4,2,2,0,12,1
1269,4,33,3,2,1,2,1,1,2,1,1,1,1,4,4,2,1,1,1
742,4,36,1,3,2,4,4,2,2,3,2,2,2,4,2,1,0,12,2
948,1,1,-99,3,3,3,3,2,2,2,2,2,5,5,5,1,2,6,2
1974,1,20,3,3,3,4,4,3,2,3,3,3,4,4,4,2,1,6,2
552,2,-98,3,2,3,2,2,3,3,3,4,2,2,4,1,4,1,6,2
1378,4,13,3,2,2,2,3,1,1,1,2,1,4,5,4,4,-1,-1,1
378,4,19,1,4,4,4,3,2,2,2,2,2,4,4,4,2,1,6,2
935,2,36,4,2,3,3,3,2,2,2,2,2,2,4,4,2,0,12,1
217,4,4,3,4,4,3,2,3,3,3,4,2,2,2,4,2,1,1,2
1321,2,11,4,3,3,4,3,3,3,3,3,3,4,4,4,4,0,12,2
410,4,11,4,3,2,3,2,2,1,2,2,1,2,4,2,1,1,6,2
300,2,1,3,4,4,3,2,2,2,3,2,2,4,2,4,1,0,12,1
1619,4,1,96,3,3,3,2,1,1,1,2,2,2,2,2,1,1,1,2
802,2,1,2,5,3,3,2,3,2,3,4,4,4,5,4,1,0,12,2
56,1,1,1,1,5,4,3,2,2,4,3,2,5,5,4,2,0,8,1
1427,2,13,1,1,1,1,2,2,2,1,2,1,5,4,5,1,-1,-1,2
465,4,5,3,5,2,3,2,3,3,4,2,2,2,4,2,2,1,6,2
879,4,1,2,3,3,3,4,2,2,2,2,2,4,4,2,2,1,6,1
668,2,-98,1,3,3,3,3,2,3,3,4,2,2,4,5,2,1,6,1
610,2,4,1,3,3,2,3,2,2,2,2,2,4,4,4,4,1,6,2
1207,2,8,3,2,2,2,2,2,2,2,2,2,4,4,4,2,0,12,1
1213,2,13,6,4,3,4,4,2,1,3,3,1,2,2,4,1,0,12,1
2529,2,96,1,4,3,4,4,3,3,3,2,3,4,4,4,2,-1,-1,1
2294,2,1,1,4,2,3,2,3,1,1,3,1,4,4,2,2,-1,-1,2
738,2,16,1,1,5,1,5,1,1,2,1,1,4,2,2,4,0,12,1
92,4,16,4,2,3,2,3,2,2,2,2,2,2,4,2,2,1,6,1
951,2,16,1,4,5,3,3,2,1,1,3,2,4,4,4,4,2,6,2
762,5,16,96,2,1,2,3,2,1,3,2,1,1,1,4,2,2,6,1
874,2,17,1,2,1,2,1,1,2,2,2,2,2,2,2,1,1,1,2
1274,4,36,1,4,5,4,4,2,1,2,2,1,4,4,4,4,-1,-1,1
1851,4,32,4,3,4,2,2,1,1,1,1,1,4,4,2,2,1,6,1
1580,4,20,96,4,2,3,4,2,1,2,2,1,2,2,2,-99,-1,-1,1
1825,2,2,1,1,1,2,2,3,1,1,3,2,1,1,5,1,2,6,2
301,4,13,5,3,3,4,4,3,2,3,3,3,2,4,4,2,0,12,1
1812,2,13,16,5,4,3,3,1,1,2,3,2,5,5,5,4,0,12,1
993,2,96,4,1,1,2,2,2,1,1,2,2,2,2,2,2,2,6,2
894,2,36,2,2,3,3,2,3,2,2,2,2,4,4,4,2,0,12,2
1414,1,5,2,4,2,3,3,1,1,1,1,1,2,2,2,2,0,12,2
1894,2,13,1,4,4,3,4,1,2,2,2,2,2,2,4,1,1,1,2
2568,5,11,32,1,1,1,1,1,1,1,1,1,1,2,1,1,1,1,2
1844,4,13,11,3,3,3,3,1,1,1,2,1,2,4,2,2,-1,-1,2
279,4,4,3,2,2,3,4,2,2,2,2,2,2,2,2,2,2,6,2
1942,1,16,1,3,2,1,2,1,1,2,2,1,4,5,4,5,-1,-1,1
391,4,16,97,1,1,1,1,1,1,1,1,1,5,1,5,1,1,1,1
790,2,36,1,3,2,3,3,3,2,3,4,2,4,2,4,4,-1,-1,1
1714,1,4,3,3,2,3,3,1,2,2,4,2,2,4,2,2,0,12,1
1004,2,34,-98,3,2,3,2,3,3,3,3,3,2,4,2,2,0,12,1
2577,2,13,3,3,3,4,3,1,1,2,1,1,2,5,5,2,0,12,2
2365,2,1,3,2,2,2,1,3,2,4,3,1,4,5,4,2,-1,-1,2
2561,4,1,97,4,5,1,5,1,1,1,1,1,2,4,2,1,1,6,2
1783,4,13,1,3,1,3,2,1,1,2,2,2,1,2,4,1,1,1,2
1439,4,11,3,3,2,2,2,1,1,2,3,1,1,1,4,1,0,12,1
745,2,-98,1,2,3,3,2,2,2,2,2,2,4,5,4,2,1,6,2
2585,4,17,3,4,4,4,4,2,3,2,2,2,2,4,4,2,1,6,2
1569,2,1,16,4,2,2,2,2,2,1,2,1,4,2,4,-99,-1,-1,2
1703,4,36,3,2,2,2,2,2,3,2,3,2,2,4,2,2,0,12,2
1873,4,16,4,1,2,2,1,1,2,2,3,2,2,2,2,1,1,6,2
371,4,16,97,1,1,1,1,1,1,1,1,1,5,5,5,1,1,1,1
422,4,1,1,1,1,2,2,2,1,1,3,1,2,4,4,2,0,12,2
1889,2,11,3,1,1,2,2,2,2,2,3,2,2,2,2,2,0,8,1
329,4,13,1,2,1,1,2,1,2,2,2,2,4,4,4,2,2,6,2
1065,2,11,4,3,2,4,3,2,2,4,4,3,2,4,2,2,1,6,2
485,4,13,3,3,5,2,1,1,1,2,2,2,2,2,4,1,0,12,1
605,2,11,3,3,3,4,3,2,1,2,2,2,4,4,4,4,1,1,2
1570,2,1,3,5,5,5,5,1,1,1,1,1,4,3,4,5,-1,-1,1
142,2,16,6,3,3,2,1,3,2,4,3,2,4,4,4,2,0,12,1
1968,2,1,4,3,3,3,3,1,1,2,2,1,4,4,4,4,1,6,2
1615,4,1,96,3,2,2,1,2,2,2,2,2,5,5,5,5,1,6,1
2448,1,13,1,4,4,4,4,2,1,2,2,2,4,1,4,4,-1,-1,1
2039,2,11,3,4,4,4,4,4,2,4,4,3,5,5,5,5,-1,-1,2
1240,4,29,1,3,3,3,3,3,3,4,3,3,4,4,4,2,0,8,2
743,2,20,1,4,5,4,4,1,2,1,2,1,4,2,2,2,1,6,1
1579,5,1,3,5,5,1,1,4,1,1,3,4,4,5,5,1,-1,-1,2
591,2,1,3,3,4,4,3,1,2,1,2,2,2,5,2,4,0,8,1
1557,4,4,3,4,4,5,4,2,-98,2,-98,2,2,4,4,1,1,6,1
481,2,16,1,1,5,2,2,1,1,4,2,2,1,2,1,4,0,12,1
1208,2,1,3,2,2,2,2,1,1,2,1,1,2,2,4,1,1,6,2
732,4,19,5,2,4,3,4,2,1,4,2,1,1,4,2,2,0,12,1
1238,4,36,-98,2,4,2,2,1,2,2,1,1,2,5,5,1,1,1,2
1621,4,11,4,3,4,3,4,4,4,3,4,3,2,4,4,4,0,11,2
1833,2,16,4,3,2,4,3,2,2,2,2,2,4,2,2,2,0,12,1
360,5,11,3,2,2,2,2,1,2,2,3,2,2,4,4,2,1,6,2
2422,4,16,11,4,3,2,2,2,2,2,2,2,2,2,2,2,0,8,2
1405,2,20,20,4,2,2,2,1,1,1,1,1,2,2,4,1,1,1,2
1075,4,11,4,3,2,2,3,2,1,3,3,1,4,4,4,2,0,12,1
1880,2,5,-98,3,3,3,3,1,1,1,1,1,4,2,2,2,0,12,2
208,4,11,4,2,2,2,2,2,2,1,2,2,2,4,4,4,0,12,2
1904,2,-98,1,3,3,3,3,2,2,3,2,3,2,4,4,4,2,6,1
839,2,1,5,4,3,3,3,3,3,4,3,3,2,4,4,4,0,12,1
775,4,11,3,2,4,2,2,3,2,2,3,2,2,5,4,2,0,12,1
1669,4,32,95,1,1,1,2,1,1,1,1,1,5,2,5,5,-1,-1,1
831,2,20,-98,2,2,2,2,2,2,1,2,2,2,4,4,2,1,1,2
893,2,5,1,5,5,4,5,2,1,1,1,1,2,4,4,1,1,6,1
1798,4,6,3,2,2,3,3,3,2,2,3,3,2,4,2,2,0,8,1
1368,2,15,1,1,1,2,1,1,1,1,3,1,2,4,2,4,0,12,2
2447,2,29,4,3,4,3,2,2,2,3,3,1,4,4,4,4,1,6,2
203,2,-98,3,3,3,1,2,2,3,2,2,2,1,2,1,2,1,6,1
1595,2,36,1,5,2,4,3,2,1,2,2,2,1,1,1,1,0,12,1
598,2,32,1,3,3,3,3,2,3,3,3,3,4,2,2,4,0,12,1
1187,2,19,1,3,2,2,3,4,3,3,4,4,5,5,5,4,0,8,2
1872,2,96,96,3,4,4,5,4,3,3,3,3,4,4,2,4,1,6,1
885,1,1,3,5,4,2,4,2,1,1,1,2,4,4,4,4,1,6,1
1372,3,1,95,1,1,1,1,1,2,1,1,3,2,5,5,5,-1,-1,1
538,4,32,3,3,2,2,3,2,2,1,1,1,2,2,2,2,2,6,2
740,2,30,1,5,3,4,3,3,2,4,3,3,5,5,5,4,1,6,2
1479,2,-98,4,3,5,2,3,1,1,3,4,1,2,5,2,2,1,1,1
1740,2,19,1,2,2,3,2,1,1,3,3,1,2,4,2,2,1,6,2
1184,4,16,-99,1,1,1,1,1,1,1,1,1,5,5,5,5,1,1,2
1762,5,1,3,1,1,1,2,1,1,1,4,1,1,2,4,1,0,12,1
1257,2,32,1,3,3,3,3,3,2,3,3,3,2,4,4,4,1,1,2
1741,2,19,1,1,1,3,1,1,2,1,1,2,4,4,5,4,0,12,2
728,5,11,3,5,5,2,5,2,2,1,2,1,2,4,2,1,0,12,2
1761,2,1,3,4,5,4,3,2,4,2,3,2,2,4,4,4,1,6,2
908,2,7,1,4,3,2,2,2,2,3,2,2,2,4,2,4,0,12,1
2312,2,16,3,2,2,2,3,3,4,3,4,2,4,4,2,4,0,12,1
882,2,36,1,3,3,4,4,4,3,3,2,3,2,4,4,4,0,12,1
1938,4,4,3,2,2,3,2,2,2,2,3,2,4,4,4,4,0,12,1
74,1,-99,3,3,3,4,3,4,4,4,4,4,2,2,4,4,1,6,2
1571,2,13,1,4,2,3,2,1,1,1,2,1,4,4,4,2,1,6,1
226,4,20,3,3,2,2,2,3,3,1,3,2,2,4,2,2,0,12,1
1992,4,16,1,2,3,2,2,2,3,2,2,3,2,4,1,2,0,12,2
633,4,35,3,1,1,1,1,1,1,1,1,1,1,1,2,2,0,12,1
627,4,16,-98,4,3,3,3,1,1,1,1,1,2,4,2,2,0,12,1
2546,2,6,1,2,4,3,3,1,2,2,2,2,4,2,2,2,1,1,2
1979,2,13,1,2,2,2,2,1,1,2,2,1,4,4,5,1,1,1,2
225,2,16,3,2,1,1,1,1,1,1,2,1,1,2,2,4,0,12,1
1973,2,1,3,3,2,5,2,1,1,1,1,1,2,2,4,2,0,12,2
153,2,13,1,3,3,3,3,3,2,2,3,2,4,4,2,4,2,6,1
315,4,13,97,1,1,1,1,2,2,2,4,1,2,5,5,1,1,1,1
1777,2,96,3,3,4,2,2,2,2,2,2,3,4,4,2,2,0,12,1
661,2,32,3,4,4,4,5,2,2,2,1,3,4,4,2,4,1,1,2
376,4,33,6,2,3,4,4,2,1,2,3,1,4,4,4,4,0,12,1
774,5,16,1,1,1,1,1,1,1,1,2,1,4,5,4,1,0,12,2
1431,2,1,-98,3,2,2,1,1,2,2,2,2,2,4,2,2,1,6,2
107,4,11,3,3,3,1,1,2,3,1,3,3,4,4,4,2,0,7,2
262,5,96,4,1,2,1,5,1,1,2,4,1,4,2,2,1,0,12,1
2363,2,36,1,5,4,3,3,3,1,2,4,2,4,4,4,2,-1,-1,2
717,2,36,1,5,4,4,4,2,3,4,2,2,2,4,4,2,1,6,2
1919,2,-98,1,2,2,3,2,2,2,2,3,2,2,2,3,2,0,12,1
2382,5,20,5,2,1,2,1,1,1,1,3,2,2,5,4,4,1,6,1
1206,2,1,3,4,3,3,3,1,1,2,2,2,4,4,4,2,0,12,2
1118,2,17,1,1,1,3,3,1,1,2,1,1,2,1,5,1,1,6,2
932,2,1,1,4,3,3,3,3,2,3,3,3,4,4,4,2,0,8,2
201,4,16,4,3,1,1,5,2,2,1,4,1,1,2,4,2,0,12,2
965,4,5,4,2,2,2,2,1,1,1,2,1,2,2,4,2,1,6,2
1166,2,16,1,3,3,4,2,3,3,4,4,2,5,5,4,2,2,6,1
1529,2,36,3,5,5,2,5,2,2,2,2,2,2,4,4,1,0,12,2
1200,2,16,3,2,1,2,1,3,2,1,3,2,1,1,1,5,0,12,1
1665,2,1,3,4,4,5,4,1,1,1,1,1,1,1,1,1,1,1,2
195,2,11,3,3,3,4,3,3,2,3,3,2,2,4,2,2,0,12,2
182,5,13,11,3,5,3,3,1,1,1,2,1,2,4,4,2,1,6,2
500,2,20,3,2,2,2,3,1,1,1,1,1,2,2,1,2,1,1,2
1835,2,1,3,2,2,2,2,1,2,1,2,1,4,4,4,2,1,6,1
325,4,1,3,4,4,4,4,2,2,2,2,2,2,4,2,2,1,6,2
832,2,1,1,2,2,4,4,2,1,3,2,2,1,2,1,4,1,6,2
2017,5,96,97,1,1,1,3,4,4,4,4,4,5,5,5,5,-1,-1,2
146,4,19,4,4,4,4,4,2,1,3,3,2,2,4,2,4,0,12,1
1926,2,35,3,3,2,2,3,1,1,1,4,1,1,1,1,2,-1,-1,2
901,1,16,4,2,3,2,3,2,3,3,2,3,5,5,2,2,1,6,2
1109,1,16,1,2,2,2,2,1,1,2,3,1,2,2,4,1,1,6,2
793,2,29,-98,3,3,5,4,1,1,2,1,1,1,2,1,2,0,8,1
1038,4,11,4,2,1,3,1,1,1,1,1,2,1,5,5,1,-1,-1,2
632,2,-98,3,-98,5,3,4,1,1,1,2,2,2,2,2,2,1,1,1
493,2,16,1,3,4,4,3,2,1,1,2,1,1,4,4,2,2,6,1
1537,2,4,3,3,3,3,2,4,4,2,4,4,4,4,2,4,0,12,2
1965,2,-98,3,4,2,2,2,2,2,2,2,2,4,4,4,2,0,12,2
877,2,1,3,4,4,2,2,2,2,2,2,2,2,4,2,2,1,1,2
1853,4,16,3,3,2,3,2,2,2,3,2,2,2,5,4,4,0,12,2
777,4,29,1,3,3,4,4,3,1,2,3,3,2,2,1,2,2,6,1
1102,2,17,1,2,2,3,3,2,3,2,2,2,2,4,2,2,0,12,1
676,2,1,6,2,2,1,2,2,2,2,3,1,4,2,4,4,0,12,2
1885,1,16,97,4,2,2,2,2,2,2,3,2,4,4,4,2,1,1,1
930,2,35,-99,3,3,3,2,2,2,2,2,3,4,4,4,2,0,12,1
121,5,13,3,3,1,1,1,1,2,1,1,1,1,2,1,1,1,6,1
2555,2,1,3,3,3,3,2,1,2,2,2,1,2,1,1,2,1,1,1
1671,2,1,6,2,3,5,2,3,2,3,1,1,2,4,4,1,-1,-1,1
54,2,8,1,4,5,4,5,1,1,3,2,3,1,4,2,1,1,1,2
379,2,20,4,3,3,4,4,3,1,3,3,2,2,2,5,1,2,6,1
824,4,16,3,3,3,3,5,1,1,1,1,1,1,1,1,1,1,6,1
1695,4,13,2,2,2,3,2,1,1,1,1,1,4,4,4,1,1,1,2
1817,4,11,4,2,3,3,3,3,3,3,4,3,5,5,5,4,0,12,1
601,2,17,1,2,2,4,4,3,2,4,3,3,2,2,4,1,2,6,2
792,1,16,6,2,3,4,3,4,3,4,4,3,5,5,4,2,2,6,1
401,4,15,11,2,1,2,3,1,2,1,1,2,2,2,2,2,0,12,1
1097,2,13,4,4,4,3,4,2,2,2,2,2,2,2,2,2,2,6,1
2021,4,11,4,2,2,2,3,2,2,1,2,1,4,4,4,4,0,8,1
475,1,1,3,4,2,4,4,2,2,2,2,2,4,4,2,2,1,1,2
1277,2,-98,1,4,4,3,3,2,2,3,3,2,5,5,5,5,1,6,2
1090,1,16,6,3,4,4,4,3,2,2,2,3,2,4,2,2,2,6,1
705,4,96,4,2,2,1,1,1,1,1,1,1,2,2,2,2,0,12,2
2086,2,4,3,2,1,2,2,1,1,1,2,1,2,4,4,2,1,1,1
1505,1,19,1,5,2,4,4,2,1,2,2,2,1,1,2,4,2,6,1
1110,2,13,11,3,2,2,4,3,2,2,2,1,4,2,2,2,0,12,1
2397,4,13,3,2,2,2,4,1,2,2,2,1,5,4,4,4,-1,-1,1
2582,2,1,1,5,4,2,2,1,1,2,1,1,1,2,2,1,-1,-1,2
347,4,11,4,1,1,1,2,3,3,2,4,1,4,4,2,2,1,6,2
1656,3,16,5,2,2,3,2,2,1,2,2,3,2,4,3,2,-1,-1,1
48,4,11,1,2,5,3,1,3,3,2,4,3,1,2,4,1,1,1,1
2543,2,6,1,3,2,3,2,2,2,3,3,1,2,4,2,2,0,12,1
2110,2,17,1,5,2,5,4,2,2,2,1,1,2,5,2,4,-1,-1,2
1546,2,11,3,4,5,2,4,1,2,1,2,2,1,4,4,2,1,6,2
1094,2,16,1,3,2,3,3,3,3,3,3,3,4,4,4,4,2,1,1
940,2,11,3,1,1,2,2,2,2,3,3,1,2,4,2,2,0,12,2
1089,2,1,1,3,4,2,3,1,1,3,2,2,3,3,4,2,-1,-1,1
581,4,1,97,5,5,2,5,1,1,1,1,1,4,5,4,2,1,1,1
1607,4,16,3,3,3,2,2,1,1,2,2,1,2,5,5,5,-1,-1,2
1726,2,17,1,4,2,4,4,3,2,3,3,3,4,4,4,2,-1,-1,2
914,1,4,1,3,2,3,3,2,3,3,3,3,4,4,4,2,2,6,2
443,2,32,3,2,4,4,2,2,3,3,4,3,2,4,2,2,1,6,2
1744,2,1,11,5,5,5,5,2,1,1,1,1,4,4,5,2,0,12,2
1498,2,37,4,3,3,3,3,3,3,3,3,3,4,4,4,4,1,6,2
1209,2,32,1,2,2,4,2,1,1,3,3,1,2,4,4,2,1,1,1
1985,4,96,-99,1,3,1,1,1,1,1,1,1,2,1,1,1,1,1,2
2435,4,35,4,2,1,2,5,2,1,2,2,2,1,1,1,1,2,6,2
1273,2,1,1,3,3,4,4,1,1,2,2,2,4,4,4,2,0,12,2
1407,2,-98,1,3,4,2,2,2,3,2,2,1,4,4,5,4,1,6,2
2018,2,1,1,3,3,3,4,3,3,3,4,3,4,4,4,2,0,12,1
1037,2,5,3,3,3,5,3,1,1,2,2,1,2,1,4,2,-1,-1,1
672,2,36,3,3,3,3,2,1,1,1,1,1,2,2,4,1,1,1,2
2431,1,16,3,2,4,2,2,3,3,2,3,2,2,2,3,1,-1,-1,2
1093,4,13,6,-98,5,-98,-98,4,1,3,3,-98,4,4,5,5,-1,-1,2
2427,2,11,1,2,5,4,4,3,2,3,2,1,2,4,4,2,0,12,1
557,2,16,3,2,2,2,3,2,2,3,3,3,4,4,4,4,1,1,1
1192,4,11,5,1,1,1,1,1,1,1,1,1,1,1,1,1,0,11,1
841,2,16,1,3,4,3,3,2,1,2,2,2,2,4,4,4,1,1,1
545,4,11,3,1,1,1,2,2,1,1,1,1,2,2,1,1,0,8,1
694,2,1,3,3,4,3,3,2,3,3,3,3,4,4,4,2,1,1,2
114,2,1,3,4,4,4,3,2,2,3,3,2,2,4,2,2,1,1,2
492,2,20,4,3,1,3,4,2,3,3,3,1,2,4,2,4,1,6,2
881,4,15,1,5,5,5,5,1,2,2,2,2,2,4,4,2,0,8,2
351,4,13,1,5,4,2,1,3,4,2,4,2,4,5,5,2,0,12,1
1912,2,96,4,3,4,4,4,2,4,1,4,3,1,2,2,4,0,8,2
1976,4,19,1,4,2,2,2,2,2,1,1,2,4,4,4,2,1,1,2
1790,4,16,11,4,4,2,1,1,1,1,1,1,1,4,2,1,1,6,1
1185,2,-98,3,4,2,3,1,3,3,2,3,1,4,5,4,1,1,6,2
2330,2,8,3,4,2,4,4,2,2,3,3,2,4,4,4,2,1,6,1
1749,4,17,1,2,2,2,2,2,2,2,2,2,2,4,2,1,0,12,2
97,2,13,1,3,3,4,3,3,4,4,4,3,1,4,1,5,1,6,1
2334,4,96,3,2,1,3,3,2,1,2,4,1,2,5,4,5,2,6,1
108,2,-96,1,1,1,4,4,2,2,2,2,2,4,2,4,2,1,1,1
167,2,11,3,3,2,3,2,2,2,2,2,2,2,2,4,2,0,8,1
435,2,11,-98,3,3,3,5,4,4,4,3,4,2,2,2,2,1,6,2
1540,5,11,3,2,2,2,1,1,2,3,2,1,4,4,4,2,1,6,2
1014,2,6,1,5,5,5,5,1,1,1,1,1,2,1,2,2,0,12,2
2490,2,26,1,2,1,2,2,1,1,2,3,1,2,2,4,2,0,12,2
229,2,8,4,2,2,2,1,3,3,1,2,1,2,2,2,4,2,1,1
296,4,1,97,3,5,3,2,2,2,3,2,2,1,5,5,1,1,6,2
2107,2,11,3,4,3,3,3,2,1,1,1,1,4,2,4,4,1,6,1
1981,2,-98,3,4,4,4,3,3,3,3,3,3,4,4,4,4,1,6,2
1170,2,20,22,3,3,4,4,3,2,4,3,3,4,4,4,4,0,12,2
553,2,17,3,3,4,3,2,2,2,2,3,3,4,4,4,4,1,1,2
1946,2,19,4,3,3,3,2,2,3,2,2,1,4,4,4,4,1,6,2
1132,2,1,1,4,4,5,4,3,3,3,4,2,2,4,2,2,0,12,2
577,4,11,3,5,5,2,5,2,1,3,3,1,2,2,4,2,0,12,1
1488,1,11,3,1,2,2,2,1,1,1,2,1,2,1,1,2,1,6,1
403,4,2,4,2,2,1,3,2,2,3,2,3,5,4,4,4,1,6,2
1767,1,13,1,3,3,3,3,3,3,2,3,3,4,4,4,4,0,12,1
2187,2,1,97,3,2,2,2,3,2,3,3,2,2,2,2,4,2,6,2
1620,2,19,1,4,4,2,2,4,3,2,1,2,4,4,2,4,0,8,1
669,4,13,5,5,5,3,1,2,1,2,2,1,2,1,4,1,1,1,2
649,4,35,3,4,2,4,2,2,1,1,2,1,2,4,2,2,2,6,1
761,5,20,3,1,1,1,1,2,2,1,3,1,1,1,1,1,0,12,1
10,2,19,1,4,-98,3,2,4,2,3,3,4,4,4,5,4,-1,-1,2
303,4,1,4,2,2,2,2,1,2,1,3,2,2,4,2,2,1,6,2
1689,4,16,4,2,2,1,1,1,1,2,2,1,4,2,1,1,1,1,2
326,5,20,3,2,2,3,2,2,3,1,2,1,1,4,4,2,2,6,2
1759,2,16,97,3,2,2,2,2,2,2,3,1,2,2,2,2,1,6,1
354,2,18,1,2,2,3,2,2,1,2,2,2,2,4,4,4,2,6,2
1164,4,-98,1,3,2,3,3,2,2,3,2,2,4,4,4,2,1,6,2
1150,4,13,97,3,2,3,2,1,2,1,3,3,2,4,1,4,2,6,2
803,2,16,2,4,3,3,4,1,1,3,2,2,4,4,4,4,0,12,1
2010,2,1,1,2,2,4,4,2,2,2,3,3,2,2,2,4,1,6,1
2544,2,11,1,4,2,3,2,3,2,3,3,1,2,4,4,4,2,6,2
2087,4,16,3,3,2,1,2,3,3,3,2,2,4,5,4,4,1,6,1
245,4,36,3,4,2,3,3,3,2,2,2,2,2,4,4,2,2,6,1
1117,1,36,3,2,3,1,1,3,2,2,3,4,5,5,4,5,-1,-1,1
185,2,35,4,3,3,4,4,3,2,2,3,2,2,4,1,2,0,8,1
2238,4,11,3,1,2,2,1,2,1,1,3,1,2,4,4,1,2,1,2
1345,4,16,2,4,3,3,2,2,2,2,2,1,4,4,4,4,0,12,1
374,2,31,1,3,3,4,4,2,1,2,1,1,1,2,1,2,0,12,1
737,4,11,3,3,2,2,3,2,3,3,2,3,4,4,4,2,2,6,1
2310,4,16,11,4,4,4,3,3,3,3,3,3,4,4,4,4,0,12,1
2230,2,16,11,4,3,2,1,1,1,2,1,1,4,4,2,1,0,12,1
2106,2,5,4,3,3,4,4,3,2,3,3,2,2,2,2,2,1,6,2
1319,4,36,-98,3,5,2,3,1,1,1,1,1,2,4,4,1,0,12,2
343,2,28,1,4,4,4,4,1,1,1,1,1,4,4,5,1,1,6,2
1495,2,-99,-99,3,3,3,3,1,2,1,2,1,2,2,4,1,0,12,2
1156,5,16,11,3,3,1,1,1,2,1,1,1,4,4,5,1,-1,-1,2
978,1,6,4,3,4,4,2,2,2,3,3,2,2,1,1,4,1,6,2
186,4,1,1,4,4,3,4,1,1,2,2,1,2,4,4,2,2,6,2
1773,4,6,3,4,4,4,4,2,2,2,2,2,2,2,2,2,1,6,1
1753,2,11,3,3,3,3,3,2,1,2,3,3,4,4,4,2,1,6,1
1287,4,19,39,3,2,2,2,2,3,1,2,2,4,4,2,2,1,1,1
845,4,16,4,1,1,2,1,2,1,2,2,1,2,2,4,2,0,12,1
1746,2,2,-98,2,2,4,4,3,2,3,3,1,2,1,-98,2,1,1,1
2097,2,1,2,5,5,4,5,1,1,1,1,1,5,5,4,2,0,12,1
703,2,18,1,4,3,4,4,3,2,4,3,3,2,4,4,2,0,12,1
2214,2,-98,4,3,3,3,3,2,3,4,3,3,5,5,4,5,1,6,2
1091,2,20,4,3,3,3,3,1,3,1,3,1,4,4,4,4,0,12,2
1347,2,13,1,2,2,2,4,1,1,1,2,1,4,4,4,1,0,12,1
1242,2,17,3,2,4,2,2,2,2,2,2,2,4,2,2,2,1,6,2
1863,4,11,3,2,2,3,2,2,2,2,3,2,4,4,5,4,0,12,2
1549,2,16,2,4,4,5,5,1,1,2,2,1,2,2,2,1,2,6,1
1720,5,16,4,2,3,2,2,1,2,2,3,1,1,2,1,2,0,8,1
1309,2,4,1,3,3,4,3,1,1,4,4,2,2,1,2,4,0,12,1
1218,2,16,1,2,2,3,3,2,2,3,3,2,4,5,2,2,2,6,2
1787,2,1,6,2,2,3,3,1,1,1,1,1,1,1,4,4,1,1,1
2155,2,36,11,3,2,4,2,2,3,2,4,1,2,4,4,4,-1,-1,2
1055,2,16,1,3,4,4,3,4,4,-98,4,1,2,5,5,1,0,8,1
494,4,13,11,3,2,3,3,1,2,2,2,1,2,1,2,2,0,12,1
1836,2,37,3,2,2,4,4,3,2,3,3,3,2,4,2,5,0,12,1
1957,4,16,1,4,3,3,3,2,2,2,3,2,4,4,4,2,0,12,1
1171,2,1,3,3,3,3,3,2,1,2,3,2,1,4,4,1,-1,-1,2
1013,2,1,-99,2,2,2,2,2,1,4,3,2,5,5,5,4,1,6,2
1099,3,4,-98,4,3,2,2,1,1,1,1,1,2,4,4,1,0,12,2
576,2,16,2,3,1,4,3,2,2,2,2,1,2,4,4,2,0,12,1
1843,2,1,1,3,3,4,3,2,2,4,3,2,4,4,4,4,0,12,2
710,2,32,1,2,4,2,1,1,1,1,2,2,2,4,4,4,1,6,2
864,4,15,4,2,2,2,2,1,1,2,3,2,4,4,4,1,1,6,2
1153,2,20,8,3,3,4,4,2,1,1,2,1,1,2,2,2,0,12,2
349,2,13,5,4,4,4,4,2,2,2,2,2,4,4,2,2,0,12,1
659,1,18,1,3,3,5,3,2,2,2,2,2,4,4,4,1,2,6,1
861,2,17,1,3,2,3,2,3,2,3,3,3,4,2,4,1,1,1,1
1182,4,13,3,2,1,1,1,2,1,2,1,1,5,5,5,1,1,6,1
2006,4,11,11,3,4,4,4,2,2,2,2,2,2,4,2,2,0,12,1
286,2,13,6,5,5,2,5,1,1,1,1,1,5,5,5,1,1,6,2
1805,2,20,1,2,2,3,3,1,2,2,2,3,4,5,4,4,2,6,2
1544,4,11,4,2,3,3,3,1,1,2,3,1,2,4,4,2,-1,-1,1
2151,2,1,3,2,5,2,5,1,1,2,1,1,2,4,4,2,1,1,2
2251,1,11,1,5,4,5,4,4,4,4,4,4,5,5,5,5,-1,-1,2
1709,2,1,1,3,3,4,3,3,3,2,4,3,2,2,2,2,1,6,1
1311,2,29,1,2,2,4,3,2,2,2,2,2,2,4,2,4,0,12,1
1737,2,2,1,2,4,4,3,3,3,3,1,2,5,5,5,4,0,12,1
923,2,1,3,3,2,3,4,3,2,3,2,2,4,2,2,4,1,6,1
150,2,96,4,3,3,3,3,1,1,2,3,1,2,4,4,1,1,1,2
306,2,13,6,3,3,2,2,1,1,2,1,1,1,1,2,2,0,12,1
2317,4,13,2,4,2,1,2,1,2,2,2,1,1,4,4,2,0,12,2
368,2,1,1,2,2,2,2,2,1,2,3,3,4,4,2,4,0,12,1
1920,2,4,-98,3,3,3,3,2,2,2,2,1,4,5,4,2,1,6,1
1157,2,19,3,3,4,4,2,3,2,3,3,3,5,5,5,4,0,12,2
1237,2,16,1,3,4,2,2,1,1,4,1,1,2,4,2,2,0,12,1
2524,2,13,3,4,5,4,4,1,1,1,1,1,4,4,4,4,0,12,2
310,2,13,1,5,4,5,4,4,4,4,4,4,2,2,2,2,1,6,1
510,2,4,6,3,3,4,4,2,2,3,3,1,1,2,4,2,1,6,1
2438,2,16,3,1,1,1,1,1,1,1,1,1,4,4,4,2,1,1,2
353,4,11,4,1,2,2,2,1,1,1,3,1,1,4,2,4,1,1,2
1653,1,20,1,5,5,5,5,4,1,1,1,4,1,1,1,1,-1,-1,1
98,2,13,1,4,4,3,4,2,1,2,2,2,2,2,4,2,0,12,1
2407,1,1,3,4,4,3,2,2,2,2,1,1,2,4,4,2,2,6,2
1243,4,11,3,2,1,1,1,2,1,1,2,1,4,4,2,4,1,1,1
2258,4,96,-98,4,4,2,5,2,2,2,4,2,2,1,2,1,1,6,2
1487,2,1,6,3,3,3,3,3,3,3,3,3,4,4,4,2,0,12,1
1279,5,11,4,1,1,1,1,1,1,1,1,1,1,2,2,2,0,8,1
2195,2,16,3,3,3,3,3,2,2,2,3,2,2,4,2,2,0,12,2
1417,4,20,4,3,2,3,1,1,1,2,3,1,1,1,2,2,0,12,1
444,2,20,3,2,2,3,3,3,3,4,4,3,4,2,2,4,1,1,1
2541,2,1,3,3,3,4,3,3,2,3,3,3,2,2,2,2,1,6,2
448,2,1,3,3,2,4,3,2,3,4,4,3,4,5,2,2,1,1,2
488,2,29,3,3,3,3,2,2,2,3,3,2,4,5,5,4,0,12,1
1015,2,1,1,3,3,4,4,2,2,2,2,2,4,4,4,4,0,12,1
1227,2,5,97,3,2,2,2,2,2,2,2,2,1,1,2,2,2,6,1
1352,2,13,97,2,2,4,2,2,1,2,2,1,4,2,2,1,0,12,1
1136,4,19,3,2,1,2,2,1,1,1,2,1,2,2,4,2,0,8,1
1291,1,13,1,4,4,5,4,3,1,2,2,2,4,4,4,1,-1,-1,1
944,4,1,1,4,2,4,3,2,1,3,4,3,-98,4,4,2,0,12,2
1310,2,16,-98,2,3,3,3,2,2,3,3,3,2,4,4,2,2,6,2
423,4,16,4,3,2,2,2,2,2,2,2,2,2,2,4,4,0,8,1
1636,4,16,5,2,1,2,2,2,1,2,3,1,1,2,4,1,2,6,2
1377,2,1,3,3,3,3,3,3,3,3,3,3,2,2,2,2,1,1,2
2211,4,4,1,1,1,2,3,1,1,2,4,1,5,4,4,2,0,12,1
82,2,1,4,3,2,2,3,2,2,3,3,2,2,2,4,2,1,6,2
515,2,4,3,4,3,3,3,1,2,3,2,1,2,4,4,2,0,8,2
587,4,16,-98,4,4,4,2,2,3,1,3,1,2,2,4,4,0,12,2
919,1,30,1,4,4,3,3,3,2,3,3,3,1,4,2,4,1,6,2
640,2,1,1,2,3,3,4,1,1,3,3,1,2,5,5,2,1,6,2
1259,4,11,3,2,2,2,5,1,1,1,1,1,1,2,4,2,0,8,2
1229,2,4,1,4,2,5,5,3,3,4,4,4,1,2,2,2,0,8,1
1948,2,13,1,3,3,2,2,3,3,3,3,2,4,5,5,1,0,8,2
1572,2,6,3,3,4,4,4,3,3,4,4,4,2,4,2,4,0,12,2
876,4,13,2,2,2,2,1,1,1,1,1,1,1,1,4,1,0,12,2
298,2,-98,-98,4,3,3,3,2,2,2,2,2,4,4,4,4,1,1,2
1288,2,4,4,2,2,3,3,2,2,3,3,2,2,4,4,1,1,6,2
784,4,11,4,4,4,4,4,4,3,2,3,3,2,2,4,2,0,8,1
2200,2,20,4,1,2,3,2,1,2,2,3,1,2,5,2,2,0,12,2
1664,5,36,97,1,1,1,1,1,1,1,1,1,1,1,4,3,-1,-1,2
620,4,16,1,3,2,2,2,2,3,2,2,2,2,4,2,1,0,12,2
673,4,1,5,1,4,1,5,1,2,2,2,1,2,4,5,4,1,1,1
340,1,1,1,3,3,2,4,3,3,4,2,2,1,4,2,2,1,1,1
1980,2,30,1,4,3,4,4,2,1,1,2,2,4,4,4,1,0,12,1
2537,4,5,3,4,2,3,3,1,1,2,3,2,2,2,2,2,1,1,2
259,4,11,4,3,3,3,3,3,2,2,3,2,2,2,2,4,1,6,2
1122,5,16,3,4,2,2,2,3,2,3,3,3,5,5,4,5,-1,-1,2
1531,2,11,1,4,4,4,3,4,2,4,4,2,4,4,4,2,0,12,1
2005,5,16,4,3,3,1,2,2,2,2,4,1,4,2,4,2,1,1,2
127,2,15,1,4,4,5,4,3,3,4,3,3,4,5,5,2,1,6,1
2162,2,1,1,3,3,3,3,1,2,1,2,2,4,2,2,4,0,12,1
1085,5,1,3,2,2,2,2,3,3,4,4,4,4,4,5,4,-1,-1,1
1715,4,13,3,4,3,2,2,2,2,3,2,2,1,2,2,2,1,1,1
735,2,16,3,4,3,2,2,1,1,1,1,2,2,4,2,2,1,6,1
1468,2,11,4,3,3,3,2,3,4,3,4,4,4,4,4,4,0,8,2
1415,4,13,3,5,3,3,5,1,1,2,1,3,4,1,2,4,1,6,1
471,2,1,3,3,3,3,3,1,1,2,2,2,4,4,2,1,0,12,1
1401,2,1,5,5,4,4,4,1,1,1,1,1,2,4,2,5,-1,-1,2
1588,2,5,1,2,4,3,2,2,2,3,3,3,1,4,2,1,-1,-1,2
291,5,1,17,1,1,1,1,1,1,1,1,1,5,1,5,1,1,1,1
234,4,1,1,4,4,4,4,2,3,3,2,3,4,4,4,4,1,1,1
563,1,36,4,4,2,4,2,3,2,2,3,3,4,4,4,5,0,12,1
2126,1,1,96,4,4,4,5,1,1,2,1,1,2,2,4,1,2,6,2
404,5,11,3,3,3,1,3,2,2,2,4,1,1,2,2,1,0,8,1
1360,1,1,1,1,5,5,5,4,3,3,4,4,5,4,4,5,-1,-1,1
1638,2,11,3,1,1,1,1,1,1,2,3,1,4,4,4,4,1,6,1
91,4,4,1,2,5,2,2,1,2,3,3,2,2,4,4,2,1,1,2
53,2,1,3,3,3,3,2,4,3,4,4,4,4,5,2,2,1,1,2
1821,2,4,1,4,4,4,3,2,2,4,3,3,2,2,2,2,0,12,1
950,2,4,3,4,5,4,4,2,2,3,4,2,5,4,2,2,0,12,1
1504,2,13,3,4,4,4,2,1,1,3,3,1,2,4,2,2,0,12,2
1949,2,1,3,4,4,4,4,1,4,4,4,1,5,5,5,1,1,1,1
177,4,1,3,2,3,4,2,2,2,2,4,2,5,4,2,2,1,1,1
1492,4,16,3,4,1,2,3,1,1,2,1,1,1,2,2,1,1,1,1
324,4,16,3,3,3,3,2,2,2,2,2,2,2,4,4,2,0,12,2
2354,2,4,2,4,4,4,4,1,2,2,2,2,1,4,4,2,2,6,2
2022,2,-98,1,2,2,3,2,2,1,2,3,2,4,5,4,4,1,6,2
161,2,34,1,3,3,4,3,3,3,4,3,3,4,4,4,2,0,12,1
506,2,37,4,3,3,3,3,3,3,4,4,3,4,5,4,4,1,6,2
81,2,1,6,5,5,5,4,4,3,3,4,3,4,4,4,4,0,8,1
2385,4,1,3,4,4,4,3,4,2,3,3,3,4,2,4,5,0,12,1
1818,2,-98,4,3,3,3,3,4,4,-98,4,4,4,4,4,4,1,6,2
961,2,20,3,3,1,3,1,1,1,1,1,1,4,4,4,4,0,12,1
855,2,29,1,5,5,5,4,2,1,3,2,2,2,4,4,1,0,12,1
1710,2,34,1,3,3,2,2,3,2,3,3,2,5,5,4,4,-1,-1,2
1370,4,13,11,4,3,3,4,2,1,2,1,2,3,4,2,2,-1,-1,2
1625,5,13,16,2,2,2,2,2,3,3,2,2,2,4,1,1,0,12,1
123,2,11,6,2,1,2,2,1,1,2,3,1,4,4,4,4,1,6,2
564,2,11,1,2,2,4,2,1,1,1,2,2,4,4,4,2,0,12,1
1804,4,15,3,1,2,2,1,1,1,1,3,2,2,2,4,1,0,12,1
968,2,36,3,2,4,4,3,1,1,1,2,1,2,4,4,2,2,6,1
2443,1,19,3,4,4,2,2,1,1,2,4,1,1,1,1,1,1,6,2
2528,2,6,-98,5,3,4,3,2,3,2,1,1,5,5,5,5,1,1,2
943,2,36,1,2,2,2,2,2,2,2,2,2,2,4,2,1,0,8,1
1722,2,1,3,4,4,4,3,2,2,2,3,3,2,4,4,2,0,12,1
1574,2,13,1,2,1,2,3,2,2,3,3,2,2,1,4,2,0,12,1
1449,5,11,5,3,2,4,2,1,1,2,3,1,2,2,4,2,1,1,2
241,2,11,4,3,2,2,2,1,1,2,3,1,1,1,1,1,0,12,1
531,2,1,1,1,2,1,2,1,1,1,1,1,5,5,5,1,1,1,2
115,4,1,95,1,2,2,2,2,2,2,4,2,4,2,2,4,1,1,2
1660,2,11,2,4,2,4,4,1,1,2,3,2,4,4,4,2,-1,-1,1
1939,4,13,15,3,3,3,3,1,2,2,3,2,2,2,2,4,2,6,1
1717,2,19,1,3,2,3,3,3,2,3,2,2,4,5,5,1,0,12,1
706,4,11,4,1,2,2,2,2,2,2,2,1,4,5,4,2,0,12,1
447,2,13,2,4,4,4,4,1,1,1,2,2,2,2,2,2,1,1,1
2359,2,17,3,2,4,2,2,1,1,1,1,1,2,4,2,2,1,1,2
1513,2,11,4,2,2,4,3,3,2,2,4,3,2,2,2,4,0,8,1
1461,4,11,3,2,2,1,1,1,2,3,1,1,2,4,4,1,2,6,2
1799,2,1,4,1,2,3,3,1,1,1,2,3,4,5,2,2,1,6,2
529,2,36,11,2,3,3,3,1,2,2,2,1,4,2,2,1,0,12,1
72,4,1,3,3,3,3,4,1,1,1,3,1,1,1,5,2,1,1,2
834,2,1,1,2,3,2,3,1,1,4,3,2,2,4,4,2,0,8,2
1795,4,28,4,1,1,2,2,1,1,2,3,2,1,1,1,1,1,1,1
574,4,19,3,2,3,2,3,2,1,2,3,1,4,4,2,4,1,6,2
196,2,1,1,4,4,4,4,2,3,3,3,3,4,4,4,2,1,6,2
1941,2,19,-98,3,3,3,5,4,4,4,4,2,4,4,4,1,0,12,1
1409,2,35,3,3,3,2,2,3,1,1,1,1,2,4,4,1,2,6,2
1380,2,29,3,5,5,4,4,2,3,3,3,2,1,2,1,1,1,6,1
2557,2,35,15,4,4,4,4,3,4,1,1,1,2,5,1,2,1,6,1
2071,2,11,3,3,3,4,2,3,3,3,4,4,4,4,4,2,1,6,2
274,4,20,3,3,3,3,3,3,3,2,3,3,5,5,5,2,2,6,2
171,2,11,1,3,2,4,2,3,2,2,3,2,1,2,2,2,0,12,1
179,5,11,4,3,3,2,3,2,1,1,1,1,2,1,1,2,0,12,1
1247,2,-98,1,4,2,4,3,2,2,2,2,2,2,2,2,2,0,12,1
1114,5,16,4,2,2,2,1,2,2,2,2,1,2,2,2,2,0,12,1
508,2,13,3,3,4,4,3,4,4,4,4,3,2,5,4,4,1,6,2
1272,2,19,5,2,2,2,2,1,1,1,1,1,4,4,4,2,0,12,2
328,2,17,3,1,-98,1,2,2,4,2,2,1,4,5,5,4,-1,-1,2
62,5,13,11,3,4,2,2,3,4,2,2,1,2,2,2,2,0,12,1
2056,5,16,1,1,1,1,1,1,1,1,1,1,5,5,5,1,0,12,1
2288,1,11,3,2,1,3,2,2,2,2,2,2,1,4,5,1,1,1,1
373,2,35,3,5,1,1,1,1,4,1,4,3,5,5,5,4,1,6,1
1161,5,29,4,5,5,4,2,2,1,1,2,1,2,4,4,1,-1,-1,2
1551,2,13,3,5,4,-98,-98,1,1,1,1,1,2,5,2,1,-1,-1,2
544,2,20,4,3,3,3,3,2,2,2,4,3,2,4,4,4,1,6,1
895,2,20,1,4,2,3,4,1,1,2,2,1,2,2,2,2,1,6,2
1613,5,1,11,2,2,1,2,2,2,2,3,1,4,4,4,2,0,12,2
188,2,16,1,4,3,2,3,1,1,2,1,1,4,4,4,1,0,8,1
1641,2,11,4,3,3,4,4,2,2,2,2,2,2,4,2,2,1,6,2
1472,2,37,3,4,4,4,2,1,2,2,2,3,5,4,4,2,1,6,2
1502,2,-98,3,3,3,3,5,1,1,1,2,1,2,2,2,1,1,6,2
674,4,13,1,4,4,4,4,2,1,3,2,1,4,4,4,2,0,12,1
2584,2,11,-99,3,3,-99,5,2,1,2,2,1,2,4,4,4,2,6,1
2390,2,16,-98,5,2,3,3,1,1,1,2,1,2,4,2,2,0,12,2
105,2,4,3,3,1,2,1,1,1,1,1,1,5,5,5,5,2,6,2
1581,2,1,3,3,5,3,1,2,1,2,2,1,4,4,4,1,1,6,2
1898,4,1,1,4,3,3,3,2,3,3,3,3,2,5,2,2,0,12,2
253,2,16,4,2,2,3,1,1,1,2,3,2,1,4,1,4,1,6,2
1436,2,36,3,5,5,4,5,2,1,1,2,1,4,5,4,5,0,12,2
487,1,28,1,5,5,5,5,1,2,1,2,1,1,4,2,2,0,12,1
1578,5,13,3,3,3,1,1,1,1,1,1,1,4,2,4,2,2,6,1
873,2,13,-99,3,3,2,5,1,1,2,2,1,2,2,2,1,0,8,2
1871,2,29,4,3,3,4,3,3,2,3,3,2,1,4,2,2,0,12,1
589,1,6,8,2,2,3,3,2,3,3,3,1,2,5,5,2,0,8,2
590,2,11,4,1,2,3,4,3,3,3,4,3,2,2,2,4,0,8,2
643,5,13,11,4,3,3,3,2,1,2,1,1,2,2,4,1,1,6,2
851,2,1,1,3,3,4,4,2,1,4,2,2,2,4,2,2,0,12,1
1691,1,29,4,4,3,4,3,1,2,2,2,1,4,1,4,4,1,6,2
1452,1,1,1,5,5,5,1,1,1,1,4,1,5,5,5,1,-1,-1,1
1937,2,26,97,2,2,2,2,4,4,4,4,4,4,2,4,4,0,3,1
55,2,1,3,2,1,3,4,3,2,4,3,2,4,2,1,1,0,12,2
671,4,-99,4,3,3,3,3,1,1,3,3,1,2,4,4,4,1,6,2
149,2,35,3,2,-98,3,3,2,3,3,3,3,2,4,4,4,0,12,2
584,4,37,3,2,1,1,1,3,3,1,4,2,5,5,4,4,1,6,2
1040,1,1,96,2,1,1,2,2,1,2,3,1,4,5,4,2,-1,-1,1
963,2,36,6,2,2,4,3,2,1,2,3,1,4,4,4,2,0,12,1
1811,2,13,6,4,4,4,2,3,2,3,2,2,2,4,2,2,1,6,1
381,2,20,3,1,2,3,4,2,1,4,3,2,1,4,2,2,0,12,1
585,2,1,1,2,2,3,3,2,2,3,2,1,2,2,2,2,0,8,2
650,2,13,5,4,4,4,4,4,3,3,1,3,4,4,4,4,0,12,1
1738,2,32,1,4,5,5,4,3,1,1,1,1,2,2,4,4,2,6,1
758,4,11,5,2,2,2,2,2,2,2,2,2,2,5,4,2,2,6,1
2319,4,1,3,3,3,2,2,2,2,2,3,1,2,2,2,4,-1,-1,2
1723,4,13,-98,3,4,3,2,3,2,3,3,3,2,5,4,1,2,6,2
907,2,5,1,5,5,4,5,1,1,3,2,1,4,5,4,2,0,12,2
109,4,13,2,2,1,1,1,1,1,1,1,1,5,5,5,1,1,1,2
2286,5,2,13,2,1,2,2,2,2,2,2,2,4,5,4,2,0,12,1
302,2,16,4,4,4,2,2,2,2,2,2,2,2,1,1,2,1,6,2
1398,2,13,3,5,5,3,5,2,2,2,1,2,2,4,4,1,0,12,1
364,5,32,1,5,2,4,2,1,1,1,1,1,2,4,2,1,0,12,1
86,4,11,3,2,2,2,2,2,1,2,4,1,1,2,2,4,0,8,2
1336,2,20,4,3,2,3,2,4,3,-98,3,2,5,5,5,5,1,1,1
922,2,-99,3,2,2,3,4,2,3,2,3,3,4,4,4,4,1,1,2
1491,4,36,1,5,5,5,5,1,1,2,1,1,1,5,1,5,0,12,2
1601,4,36,3,3,2,4,2,2,1,2,3,2,4,2,2,4,2,6,1
1485,1,20,3,4,3,3,3,3,3,3,3,2,2,4,2,2,1,6,2
2548,2,1,3,3,3,3,3,3,3,3,3,3,4,4,4,4,1,1,1
2343,4,16,-98,4,4,3,4,2,2,2,2,2,2,2,-98,2,0,12,1
483,5,20,96,2,3,2,1,1,1,1,1,1,1,2,1,1,0,12,1
848,2,32,97,3,2,3,3,3,3,4,2,2,2,5,4,2,1,6,1
438,4,-98,3,3,3,3,2,2,2,3,3,2,2,4,2,1,0,12,2
1554,2,11,1,3,2,3,2,2,2,4,3,2,2,4,2,1,0,12,1
1018,2,32,2,2,2,2,2,2,2,4,2,1,2,4,4,4,0,12,1
558,4,17,-98,3,3,3,2,3,4,4,4,4,4,4,4,4,1,1,2
1179,4,32,1,1,1,1,1,1,1,1,2,3,-98,5,5,5,-1,-1,1
1865,4,16,-99,1,4,2,1,1,1,1,2,2,1,1,1,2,1,6,1
2388,4,19,1,1,1,1,1,4,1,-98,3,1,4,4,1,1,-1,-1,1
1244,2,1,1,2,1,3,5,1,1,3,3,3,4,4,2,4,0,12,1
85,4,16,1,4,4,5,5,3,3,4,4,3,1,1,1,1,1,1,2
982,2,29,1,3,3,3,3,1,1,1,1,1,2,4,2,4,0,8,2
1997,4,36,4,3,3,3,3,2,1,2,2,2,2,1,1,4,0,12,1
1087,4,13,1,5,4,2,5,1,1,1,1,2,5,5,5,5,-1,-1,2
1386,4,28,3,2,2,2,2,2,2,2,2,2,2,2,2,2,2,6,2
1573,1,1,1,3,3,2,2,1,1,3,1,1,4,5,4,1,1,1,2
1418,4,1,96,5,5,5,5,1,1,1,1,1,4,5,2,1,1,6,2
1647,2,1,1,1,1,1,1,1,2,1,1,1,5,5,5,1,1,1,2
1068,4,36,2,2,4,2,4,2,1,2,2,2,2,4,4,2,0,12,1
1918,2,16,2,5,2,2,3,3,4,4,3,3,2,2,2,2,-1,-1,1
65,4,16,6,3,2,3,2,2,1,3,2,2,5,4,4,1,0,12,1
1203,4,11,96,3,3,3,3,2,2,1,3,2,4,4,5,1,0,12,1
2105,2,36,1,2,2,2,2,1,1,1,1,1,2,4,4,2,0,12,2
441,4,16,1,4,4,4,2,1,2,1,1,1,1,2,2,1,0,12,2
1035,2,13,1,3,2,3,2,2,1,3,2,2,4,5,5,4,0,12,2
1769,2,30,-98,4,1,1,4,1,2,2,2,1,2,2,2,2,0,12,2
1991,4,36,97,4,2,4,4,2,1,3,3,1,4,2,4,4,0,12,1
1346,2,13,96,3,2,3,3,1,2,1,2,4,4,4,4,3,-1,-1,2
202,2,1,1,4,2,4,3,2,2,3,2,2,4,4,4,4,0,12,1
521,2,17,1,4,4,4,4,3,2,2,3,3,4,4,4,2,1,6,1
1752,2,16,96,2,2,1,1,1,2,1,1,1,1,1,2,1,1,6,1
709,4,1,2,2,1,2,1,3,2,3,4,3,1,4,5,1,1,6,1
271,4,1,1,2,4,1,2,1,1,1,2,1,1,1,1,1,2,1,2
1316,2,11,3,4,4,5,4,3,3,4,4,3,1,4,4,2,0,12,1
909,5,11,4,1,1,2,3,1,1,1,2,1,1,1,2,1,2,6,2
1658,1,6,1,5,5,5,5,1,3,3,4,3,1,5,5,5,-1,-1,1
1232,2,17,2,3,4,4,4,1,2,3,2,2,2,2,5,1,1,1,2
1608,2,34,2,4,4,3,3,4,1,4,4,1,4,4,4,-99,-1,-1,2
1626,1,1,3,3,3,4,4,3,3,3,3,3,1,1,2,4,1,6,2
1876,4,34,1,3,3,4,1,1,2,3,3,1,2,2,4,1,0,12,2
1729,5,13,5,2,1,2,2,2,1,1,1,1,1,5,5,5,-1,-1,1
1138,2,11,3,4,2,4,3,1,1,2,2,1,1,4,4,1,0,8,1
2325,2,16,3,3,2,4,3,2,3,4,3,2,2,2,4,4,0,12,1
1189,2,-99,2,3,2,4,3,2,3,3,3,3,2,4,4,1,0,12,1
431,2,4,3,5,5,4,4,3,3,3,2,3,2,5,4,2,1,6,1
80,2,17,3,3,4,4,3,1,2,2,2,2,2,2,2,4,0,12,1
2374,1,34,5,5,4,1,4,2,1,3,3,1,1,1,1,2,1,6,1
2300,2,1,2,2,4,3,2,3,3,3,3,2,2,4,2,4,0,12,1
213,2,1,3,1,1,2,2,1,1,2,2,1,1,2,4,1,0,12,2
1631,2,1,1,5,5,1,1,1,1,1,1,1,2,5,5,1,2,6,1
96,4,16,4,5,5,5,5,1,1,1,2,1,4,4,1,2,1,1,2
2257,2,1,2,4,2,3,2,2,2,3,2,1,4,4,4,2,1,6,2
517,4,16,-99,5,3,1,1,1,1,1,1,1,2,5,4,2,0,12,1
383,4,16,3,5,5,4,5,2,2,2,2,1,4,4,4,2,2,6,1
651,4,13,11,1,1,1,1,1,1,1,3,1,4,4,4,1,0,12,1
1148,2,5,3,4,3,3,4,2,3,4,4,3,2,4,2,4,2,1,2
312,2,36,1,3,2,3,2,2,2,2,2,2,2,2,4,2,0,12,2
2050,1,26,1,4,4,4,3,3,3,3,3,2,4,4,4,4,0,12,1
1923,2,20,3,4,3,3,2,2,2,2,2,2,2,2,4,2,0,12,1
1553,2,13,5,4,-98,3,3,2,2,2,2,2,5,5,5,5,-1,-1,1
408,2,11,1,4,3,4,4,2,1,2,3,2,1,2,2,2,0,12,2
781,2,16,1,3,3,3,2,2,1,1,2,1,5,5,5,1,1,6,2
1484,4,11,4,1,1,1,1,1,1,1,2,1,2,2,2,1,0,8,2
1098,2,13,1,1,1,3,1,1,2,2,1,1,2,4,5,1,-1,-1,1
562,2,19,2,4,2,4,3,4,3,4,3,3,4,2,4,2,1,6,1
1082,2,16,3,3,3,4,4,3,3,2,4,3,4,4,4,4,1,1,1
473,1,29,3,2,1,2,2,1,1,2,2,2,2,4,2,2,0,12,1
1907,2,29,17,2,2,3,3,3,2,3,3,3,2,4,2,4,0,12,1
434,4,1,1,4,2,4,3,2,2,2,2,2,2,2,4,2,2,6,1
1330,4,20,4,3,2,2,2,2,2,3,3,2,2,2,2,2,0,12,2
1584,2,32,4,3,2,2,2,4,2,3,2,2,2,2,2,3,-1,-1,2
2540,4,33,6,5,3,4,5,3,2,3,3,3,2,2,2,2,1,6,1
1624,2,16,3,2,3,2,2,2,2,1,2,2,1,2,1,1,1,6,1
1724,2,1,3,3,2,2,2,2,2,2,2,2,1,2,4,2,1,6,2
1704,4,34,2,1,1,2,2,1,2,1,1,1,2,4,2,2,0,12,1
1196,4,36,3,2,2,2,1,2,3,2,3,1,4,4,2,4,1,6,1
175,2,13,1,5,5,5,5,1,1,1,1,1,1,4,1,2,1,1,1
1756,2,20,-98,4,4,3,3,2,2,2,3,3,5,5,5,4,1,1,2
1582,2,19,2,3,2,2,2,2,2,2,2,1,1,1,1,1,1,1,1
110,2,36,8,4,2,3,2,1,2,1,1,2,2,5,2,4,0,12,1
399,2,1,1,3,2,2,2,3,3,3,3,2,4,5,4,4,1,1,2
828,5,16,4,4,1,3,3,2,2,2,3,2,2,4,4,2,0,12,2
1845,4,11,4,2,3,3,3,3,3,3,4,3,2,2,2,2,0,12,1
1512,2,96,4,3,4,4,4,3,3,3,3,2,4,4,4,2,1,6,2
1314,2,13,3,3,3,3,3,2,2,2,3,2,2,2,2,2,1,1,1
2191,2,11,96,2,2,2,2,1,2,2,1,1,2,4,4,2,0,8,2
1304,5,16,4,2,1,1,1,1,2,1,2,1,2,4,4,2,0,8,2
1797,2,13,1,4,5,5,3,2,1,3,3,1,4,2,2,2,0,12,1
1215,4,5,4,3,4,3,3,2,2,2,2,2,4,4,4,2,1,6,2
395,4,16,4,1,1,2,1,1,1,2,3,1,2,2,2,2,1,6,1
2159,2,96,4,4,4,3,3,1,1,3,2,1,1,2,4,2,0,12,1
1545,4,11,3,3,3,2,2,2,2,3,3,3,1,2,1,1,0,12,2
1565,2,1,1,1,2,3,2,1,1,3,1,1,1,2,1,4,-1,-1,1
1576,4,5,3,2,2,3,2,1,2,2,1,1,4,5,4,2,0,8,1
2264,4,11,4,3,2,3,3,2,2,3,2,2,5,5,5,5,0,12,2
477,4,18,3,2,2,1,2,1,1,1,2,1,1,4,2,4,2,6,1
1697,2,34,4,1,1,1,2,2,2,1,2,1,1,1,1,1,0,12,2
1765,2,32,4,3,5,4,4,1,1,1,2,3,1,5,5,5,1,1,2
2003,2,13,11,4,4,4,4,1,1,2,2,2,4,4,2,4,1,6,1
1633,1,11,3,4,2,4,3,2,3,2,3,3,2,4,4,2,1,1,2
367,2,20,3,2,1,1,1,1,1,1,1,1,2,5,5,1,1,6,2
407,2,-98,3,2,3,2,2,1,1,1,1,1,4,4,4,4,1,1,1
1731,2,1,3,4,3,4,4,3,3,3,3,4,4,5,5,1,2,6,2
1598,4,11,3,4,3,2,2,2,2,3,3,1,2,4,4,1,0,12,1
612,2,11,3,3,2,4,2,2,2,4,3,2,5,4,4,2,1,6,2
341,2,1,6,3,4,4,4,3,3,3,3,3,4,4,4,2,1,6,1
2179,2,16,3,1,1,1,1,1,1,1,1,1,2,2,2,1,0,12,2
380,2,13,1,4,4,4,4,1,2,3,2,1,2,5,4,1,0,12,2
819,4,-98,4,3,2,3,3,2,2,1,2,1,4,4,1,2,1,1,1
132,4,32,1,4,1,5,4,1,1,1,1,1,2,5,4,2,1,6,1
346,3,35,4,3,2,3,2,1,2,2,2,2,2,2,4,4,1,1,2
290,5,13,11,3,4,1,2,2,2,1,1,1,4,5,4,1,0,12,1
1100,1,11,1,3,3,5,3,3,4,4,3,3,4,4,4,2,1,1,2
1465,2,16,97,1,1,2,2,2,1,4,3,2,2,4,2,4,0,12,1
334,4,32,3,5,1,1,5,2,1,2,3,3,2,4,5,1,1,6,1
1928,2,1,3,4,5,4,4,1,1,1,2,1,1,4,2,2,1,1,1
513,4,11,96,2,2,2,2,2,2,2,2,2,2,2,4,2,0,8,2
512,2,17,1,5,5,2,2,1,1,1,1,1,2,4,2,2,2,6,2
719,4,16,3,2,2,2,2,4,3,1,4,4,1,1,1,1,1,1,1
611,4,1,3,3,3,3,3,1,2,2,1,1,4,4,4,1,1,6,2
1315,4,16,96,-98,2,-98,-98,2,2,3,3,2,4,5,5,2,2,1,2
1108,2,-98,4,3,4,3,2,2,1,3,3,2,4,5,5,2,0,12,2
172,2,5,3,4,4,4,4,3,2,3,3,3,2,2,2,1,1,1,2
570,2,36,3,-98,-98,3,3,3,2,3,4,3,2,2,4,4,1,1,1
1230,4,19,10,4,4,4,3,3,3,2,3,2,5,5,4,2,0,12,1
2346,2,1,3,5,5,5,1,1,1,4,3,1,5,1,2,1,-1,-1,2
254,4,11,3,5,2,3,5,1,1,1,1,1,1,2,4,1,0,12,2
1255,2,1,3,4,1,2,1,2,1,2,1,1,1,4,5,1,1,1,1
327,-98,16,-98,3,2,2,2,3,3,3,4,2,2,2,4,4,1,1,1
1906,1,1,1,4,4,4,5,3,3,3,2,2,5,5,4,1,0,12,1
2338,4,11,4,3,3,3,3,2,2,2,2,3,4,4,4,4,-1,-1,1
1146,4,35,4,1,1,1,2,1,1,2,3,2,4,4,4,4,0,12,2
699,4,96,97,1,1,2,2,3,2,1,2,2,1,2,5,2,0,12,1
421,4,11,3,3,3,4,4,2,2,3,3,3,5,5,5,4,1,13,1
1905,4,16,97,2,2,2,2,2,2,1,4,2,2,2,4,2,0,12,2
1739,1,29,1,4,4,3,2,3,4,4,4,4,4,5,2,4,1,6,2
2197,4,1,3,1,3,1,1,4,3,2,4,4,4,4,4,4,1,6,1
744,2,16,4,3,3,3,2,4,2,4,4,3,4,4,2,4,0,12,1
992,2,4,3,2,5,2,5,1,1,1,2,1,1,2,4,2,0,12,2
763,2,-99,4,2,2,2,2,1,3,2,3,1,2,2,2,2,1,1,1
981,2,13,3,2,2,2,2,2,3,2,2,3,5,5,5,5,1,6,2
2514,4,11,4,3,3,3,3,3,3,3,3,2,4,4,5,4,0,8,2
248,2,1,1,3,2,2,2,1,2,3,1,1,4,5,4,5,0,12,2
1560,4,11,4,1,1,4,4,2,4,3,3,3,1,4,1,2,0,12,1
1433,2,-98,-98,3,3,3,4,3,3,4,3,3,2,2,2,2,1,6,1
276,2,11,4,2,3,3,3,2,2,3,3,2,2,4,4,2,0,12,1
1337,2,11,3,3,2,3,2,3,2,4,4,3,4,5,2,4,1,6,1
887,1,1,1,2,3,3,3,1,1,1,2,2,1,5,4,1,0,12,1
764,2,1,1,3,3,3,3,2,2,2,2,2,2,4,2,2,0,12,1
1763,2,30,3,3,3,3,3,1,2,1,2,1,4,5,2,4,1,1,2
1785,1,-98,1,3,3,3,3,3,2,3,3,3,5,5,5,5,1,6,2
931,4,16,32,4,2,3,5,3,3,3,3,3,5,4,4,2,1,6,2
985,2,1,-98,4,4,4,4,1,2,2,2,2,4,4,4,2,1,6,1
994,2,-99,3,3,2,3,2,2,2,1,2,1,4,4,4,4,1,6,1
1712,2,29,2,2,3,3,3,2,2,2,2,2,4,4,4,4,0,12,1
136,2,1,1,2,2,3,2,1,1,3,3,2,4,4,4,2,1,1,2
1339,5,36,3,3,2,1,2,3,3,2,3,3,4,5,5,5,-1,-1,1
289,4,1,3,3,4,3,4,2,2,2,2,2,2,2,2,2,1,1,1
664,2,16,3,1,1,1,1,1,2,1,1,1,2,2,2,1,1,6,1
2133,2,13,17,2,1,2,2,1,1,1,1,1,2,2,4,2,1,1,1
967,2,13,1,2,4,3,3,3,3,3,3,3,4,4,4,4,1,6,2
1507,5,11,4,1,1,1,1,2,1,1,3,1,2,4,4,2,0,12,1
546,4,16,2,1,3,2,3,3,3,3,3,3,5,5,5,5,0,12,1
2521,1,17,1,3,2,3,3,1,1,2,3,1,2,2,4,2,0,12,2
2496,1,11,3,4,4,2,4,1,1,1,2,1,1,4,4,1,1,6,2
76,2,1,3,3,3,3,3,3,3,1,3,3,4,5,4,2,1,1,1
2500,5,13,3,5,4,4,3,2,2,2,2,2,4,4,4,4,1,6,2
1033,4,36,1,2,2,3,2,3,2,2,2,1,2,2,4,2,0,12,2
645,2,1,-98,3,3,3,3,2,2,2,2,2,2,4,4,2,2,6,2
476,4,16,4,1,2,1,3,1,3,2,2,1,1,1,4,1,0,12,1
1391,4,37,-98,3,3,3,3,3,3,3,3,3,4,4,4,4,2,6,2
1104,1,17,1,5,1,5,4,4,4,4,4,4,1,1,1,1,-1,-1,2
1784,2,16,3,3,2,4,4,2,2,3,2,2,1,2,2,2,0,12,2
1896,2,-98,3,2,3,3,3,2,3,3,2,2,2,4,2,4,0,12,2
2150,5,1,4,1,1,1,1,1,1,1,1,1,4,4,4,2,1,6,2
912,5,16,4,2,5,1,1,1,1,1,2,1,2,2,4,1,0,12,1
723,4,1,28,3,2,3,2,3,2,3,3,2,2,5,4,2,0,7,1
1364,2,30,1,3,3,3,3,3,3,3,3,3,5,5,5,5,1,6,1
1296,2,16,3,2,3,3,2,1,1,1,1,1,2,2,2,1,0,12,1
624,1,11,3,2,2,2,3,2,1,1,2,1,4,4,4,2,1,6,1
2495,5,13,13,4,2,3,3,3,1,4,3,3,4,4,4,2,-1,-1,1
75,2,13,4,2,1,2,2,2,2,2,2,2,2,2,2,1,0,8,2
424,2,20,1,2,4,4,4,1,4,2,3,3,5,5,5,5,0,12,1
1467,4,16,3,1,1,1,2,1,1,1,2,1,1,1,1,1,0,12,1
1771,2,1,1,3,3,2,2,1,1,2,1,2,2,4,4,2,2,6,2
1781,2,11,97,2,3,3,4,3,2,4,3,1,2,4,4,2,1,1,2
358,4,34,1,4,4,4,3,2,3,3,2,3,2,2,4,2,1,1,2
1982,2,11,3,4,4,2,2,2,1,3,2,1,1,2,1,1,1,1,1
1566,4,96,13,2,2,1,1,1,1,1,1,1,2,2,2,1,-1,-1,1
1245,2,6,1,2,2,2,4,2,1,1,1,1,4,4,4,4,0,12,2
106,4,16,3,2,3,2,2,2,2,2,2,2,4,4,2,4,0,12,1
1385,5,16,3,2,1,1,3,3,2,2,3,1,1,2,4,2,0,8,1
2547,2,11,4,2,2,4,4,3,2,3,3,3,4,4,4,4,1,6,2
975,2,13,11,5,5,5,5,2,4,3,3,3,4,4,2,4,0,8,2
1333,4,11,4,1,1,1,2,1,1,1,1,1,2,4,4,2,0,12,1
696,4,5,4,1,1,1,1,1,1,1,2,1,2,5,2,2,2,6,2
1901,1,11,3,4,4,4,2,1,1,4,3,1,2,4,4,2,0,8,2
1877,4,11,4,1,1,1,1,1,1,1,2,1,1,1,1,1,1,6,2
891,2,13,1,2,2,1,2,1,1,2,2,1,4,4,2,4,0,12,1
1313,4,11,4,3,3,3,3,2,3,4,3,2,2,2,1,4,1,1,1
712,4,11,4,2,3,4,4,4,3,3,4,3,2,4,4,4,1,6,2
991,2,4,3,4,4,4,4,3,3,3,3,2,5,4,4,4,1,6,2
554,4,20,4,2,1,2,2,1,2,1,3,1,2,4,4,5,1,1,2
1552,5,11,4,2,2,1,1,1,1,1,1,1,5,5,5,1,-1,-1,1
947,4,11,3,3,3,4,3,1,2,2,1,1,4,4,4,2,1,6,1
1824,4,36,-98,3,1,1,2,1,1,1,1,1,4,4,4,2,0,8,2
606,2,4,2,4,4,4,5,1,1,1,1,1,5,5,4,1,0,12,2
757,4,13,3,2,1,2,2,3,2,2,1,1,5,4,5,1,0,12,1
2470,2,13,3,1,5,2,2,1,1,2,3,2,4,4,4,1,-1,-1,1
1758,2,11,4,3,3,3,2,2,2,2,2,2,2,2,2,2,0,8,2
817,2,5,11,-98,4,3,-98,3,3,4,2,2,2,4,4,2,1,1,2
1389,2,30,3,1,2,2,2,1,1,1,2,1,4,5,4,5,-1,-1,1
1250,2,11,4,4,4,3,3,2,2,2,2,2,1,1,2,2,0,12,2
1220,2,1,3,3,2,3,2,2,1,3,2,1,1,2,4,2,0,12,2
1869,4,16,4,2,1,2,2,1,2,1,3,2,4,4,4,4,1,6,2
1199,2,37,3,2,3,4,4,3,2,2,2,2,5,5,5,5,1,1,2
1399,2,96,1,4,3,4,4,3,3,4,3,4,4,4,4,4,0,8,1
1596,5,5,3,3,2,3,1,1,1,1,3,1,1,2,2,1,0,12,2
1959,2,16,96,5,3,3,5,1,2,1,1,1,4,5,5,1,2,6,2
440,1,29,3,4,3,4,3,3,3,3,3,3,2,4,2,4,0,8,1
707,4,4,3,4,3,3,3,2,3,2,2,2,2,4,2,1,1,6,2
1456,2,30,3,3,4,3,2,2,2,3,2,2,4,5,4,2,2,6,1
264,4,1,3,3,2,2,2,2,1,3,3,2,4,4,5,2,0,12,1
811,4,36,1,3,2,4,4,3,2,2,3,4,5,5,5,1,0,12,2
692,4,11,1,3,3,3,2,3,3,3,3,2,2,2,2,1,1,6,1
1124,4,11,4,2,2,2,2,1,1,3,3,2,4,5,5,2,0,12,2
1839,2,96,2,3,2,3,4,3,3,3,2,3,4,2,4,2,2,6,1
1151,2,11,3,3,4,3,4,2,2,2,3,1,4,4,5,2,0,8,1
571,1,16,3,2,2,2,1,3,2,2,3,1,4,4,2,1,1,6,2
432,2,32,1,2,2,3,2,2,2,2,3,2,2,2,4,2,2,6,1
548,2,11,4,2,5,2,2,2,2,3,3,1,4,4,4,2,0,7,1
2266,2,1,10,1,1,1,1,2,2,1,2,1,1,1,2,1,1,6,1
2462,2,1,1,1,3,2,1,2,3,3,4,4,1,4,2,4,1,6,1
2614,2,11,-98,3,3,3,2,2,2,3,3,3,5,5,5,1,2,6,2
1497,2,36,-98,2,2,2,2,3,2,2,3,2,2,4,4,2,1,13,2
1408,4,19,3,3,2,3,4,3,3,4,4,2,4,4,4,1,0,12,2
323,2,1,6,2,4,4,4,4,4,4,4,4,4,4,4,4,1,6,1
2160,4,19,6,2,3,2,2,2,3,2,2,3,4,5,5,2,1,1,1
2081,4,1,3,1,5,1,1,1,1,1,1,1,5,5,5,5,1,6,1
1297,2,1,3,2,2,3,2,1,1,1,1,1,2,2,4,2,0,12,1
2404,2,16,-98,3,3,3,2,2,1,3,3,2,1,1,4,1,2,6,2
999,4,1,1,5,2,3,3,2,1,1,1,1,2,1,1,2,0,12,1
1320,2,13,1,2,2,2,4,1,1,1,1,1,4,4,1,2,1,6,1
1463,4,16,1,2,2,2,2,2,2,2,4,2,4,4,4,4,0,12,1
996,4,1,2,2,2,3,3,2,2,2,2,2,2,2,4,1,0,12,2
966,4,1,3,4,4,4,4,2,2,2,2,2,4,4,3,3,2,1,2
1770,4,16,4,2,2,2,2,2,2,2,2,2,2,2,5,1,1,1,1
2583,2,96,1,1,2,4,3,1,2,2,4,3,1,4,4,5,0,12,1
868,2,16,6,5,2,3,2,1,2,2,1,1,2,1,2,1,0,12,2
392,4,16,17,1,2,1,1,2,2,2,3,1,2,2,4,2,0,12,1
1668,2,11,3,3,3,4,3,3,3,3,4,3,1,4,2,4,0,8,1
1685,1,16,1,3,4,2,5,3,3,3,3,3,5,4,1,2,1,1,2
631,2,35,4,3,2,3,2,2,2,2,2,2,4,4,4,2,1,6,2
2252,2,-98,1,3,4,4,3,2,3,-98,3,3,2,4,4,2,1,6,2
768,2,4,4,2,2,2,2,1,1,2,1,3,4,4,4,4,1,6,2
1838,4,16,4,1,1,1,2,2,1,2,3,1,2,4,4,2,0,12,1
956,2,16,2,5,5,3,3,1,1,1,1,1,4,4,4,1,0,12,2
77,5,1,1,3,3,3,3,1,1,2,1,1,2,4,2,1,1,6,2
270,4,1,6,1,1,1,1,1,1,1,1,1,5,5,5,5,1,6,2
1526,2,11,3,4,5,4,5,3,3,3,3,1,4,4,4,2,0,8,2
2519,2,16,1,4,3,3,3,1,1,1,2,1,1,2,2,2,0,8,2
1788,4,16,1,4,2,2,2,2,2,2,3,2,2,4,2,1,1,6,2
212,4,16,3,3,4,3,2,4,3,2,4,4,5,4,5,4,1,6,2
1141,4,11,3,2,1,2,2,1,2,1,2,1,1,1,4,1,0,8,2
307,2,16,3,3,3,3,3,2,2,2,2,2,2,4,4,2,0,12,1
1947,2,11,3,4,4,4,4,4,3,4,4,4,1,3,2,4,0,12,1
2166,2,1,1,5,2,4,4,1,2,1,3,2,4,5,2,1,1,6,2
1437,2,36,1,2,2,2,3,2,2,2,2,2,2,5,4,2,1,1,2
184,2,13,3,2,3,3,3,2,3,3,3,2,4,4,4,4,1,1,2
1252,2,4,3,3,3,3,3,2,4,2,3,1,4,4,4,2,0,12,2
1990,2,1,96,3,2,2,3,4,3,4,4,1,1,1,1,1,0,12,2
214,5,1,3,2,2,1,2,2,3,1,2,2,4,4,4,2,0,12,1
2356,2,20,4,4,4,4,4,2,2,2,2,2,4,4,4,4,1,1,1
1882,2,16,3,2,3,3,2,3,3,3,3,2,2,4,2,2,1,6,2
2014,1,13,3,2,1,1,2,1,1,1,1,1,4,4,4,1,0,12,2
2477,2,11,5,5,5,3,5,3,2,3,3,3,3,4,3,2,1,6,2
1927,4,13,36,2,2,1,2,1,1,2,1,1,2,2,2,2,0,12,1
1445,1,34,2,3,1,2,2,2,1,-98,2,1,4,4,4,4,-1,-1,1
1009,4,13,3,2,1,1,2,2,1,2,1,1,4,5,4,5,-1,-1,1
900,4,13,3,3,5,3,2,1,1,3,2,1,4,4,4,2,0,12,2
427,2,16,-98,4,4,4,3,2,1,4,2,2,4,4,2,4,1,6,2
1684,2,13,1,3,3,3,3,2,2,1,2,2,4,4,4,4,2,6,2
539,2,5,3,3,3,3,3,2,2,3,3,3,5,5,5,4,1,6,2
1379,2,17,-98,4,2,4,3,2,2,1,1,1,4,4,2,2,0,12,1
1747,4,16,3,2,5,2,5,1,2,1,1,1,1,2,4,1,0,8,2
1424,4,1,3,2,4,2,2,2,3,2,3,2,2,5,2,2,0,12,2
1016,5,13,2,5,5,3,5,1,1,2,1,1,4,4,4,1,0,12,2
675,2,32,1,4,3,3,4,2,2,1,2,2,4,2,2,4,1,1,2
1953,4,5,97,3,2,2,3,2,2,2,2,2,2,2,2,1,1,1,2
1988,4,96,97,3,3,3,3,3,3,3,3,3,4,5,4,4,0,12,1
397,4,18,1,2,2,2,1,2,1,3,3,3,1,1,1,1,1,1,1
1388,2,1,13,3,3,4,3,3,2,3,4,4,4,4,4,2,-1,-1,1
1169,1,36,1,5,3,4,3,4,4,4,1,3,2,5,5,4,0,12,1
1190,2,11,3,4,2,4,4,3,3,4,4,4,5,5,5,5,0,8,1
915,4,-98,-98,3,3,3,2,3,3,3,3,3,4,4,2,2,1,6,2
2278,4,-99,11,2,2,2,2,2,2,2,2,2,2,2,2,2,0,12,2
1126,4,1,3,3,2,2,2,3,2,2,3,2,2,2,2,2,0,12,1
2072,4,13,3,4,5,2,1,2,4,2,3,4,2,4,4,2,-1,-1,2
197,4,13,1,3,2,2,2,1,1,2,1,1,2,4,2,2,0,12,2
1017,4,20,3,3,3,2,2,3,2,2,3,2,2,4,2,4,0,12,1
2240,2,96,3,3,5,3,3,1,1,1,2,2,2,4,4,2,1,6,2
446,2,-98,2,3,3,3,3,2,3,3,3,3,4,4,4,4,0,12,2
1830,1,13,1,4,4,5,4,1,1,4,1,3,2,1,2,4,2,6,1
1351,1,13,3,4,4,4,4,2,1,1,2,3,4,4,4,4,-1,-1,2
1508,2,16,1,3,3,2,2,1,1,3,2,3,2,4,1,2,0,12,1
90,2,1,1,1,1,2,2,2,2,3,1,1,4,4,2,2,1,1,1
1027,2,16,3,3,3,3,3,3,2,3,2,2,4,4,4,4,0,8,2
542,4,1,3,2,2,2,1,1,1,1,1,1,2,4,2,2,1,1,1
1649,2,96,1,3,3,3,3,1,1,1,1,1,2,4,4,2,0,12,2
2425,2,11,4,2,1,3,2,2,1,2,1,1,4,4,4,4,1,6,2
594,4,4,3,3,3,3,3,3,3,3,3,3,4,4,2,2,1,6,2
986,2,30,1,3,3,3,3,1,1,1,2,1,2,4,2,2,0,12,2
164,4,1,-98,5,5,4,4,1,1,2,1,1,1,2,5,2,0,12,2
1144,4,13,6,4,3,2,2,1,1,3,2,2,2,4,2,2,0,12,2
1057,1,13,1,4,2,4,4,3,3,3,3,3,4,5,4,2,2,6,1
685,2,96,1,4,2,3,3,2,3,3,3,2,2,5,4,2,1,6,2
1239,2,13,11,3,3,3,2,1,2,2,2,1,4,4,4,1,0,12,2
1503,4,11,3,4,2,4,2,2,2,2,3,2,2,4,4,2,0,12,1
491,4,16,2,4,3,2,2,1,1,1,1,1,4,4,5,1,1,1,2
187,2,1,1,3,2,2,3,1,1,3,4,2,4,4,4,4,0,12,1
1650,4,1,1,2,3,3,3,3,2,2,2,2,2,4,2,4,0,12,1
1103,1,-98,-98,3,4,4,2,1,1,1,1,1,2,4,2,1,1,6,2
1256,4,4,1,2,1,1,1,1,1,1,1,1,2,2,4,1,0,12,1
626,2,1,11,2,3,3,3,1,3,2,3,3,5,5,5,2,1,6,1
318,2,1,1,1,2,2,4,3,3,3,4,4,2,4,1,1,0,8,2
1952,1,1,3,4,2,3,4,1,1,3,3,2,5,5,4,4,1,6,2
1064,2,16,1,2,5,2,1,1,1,1,1,1,2,1,1,5,-1,-1,2
1541,5,8,1,5,3,4,3,1,3,2,3,2,1,1,5,4,-1,-1,1
799,4,11,3,2,1,1,1,1,1,1,1,1,1,4,1,2,0,8,2
1532,2,1,3,3,4,4,4,3,1,3,1,4,4,4,4,1,-1,-1,2
2184,2,16,97,3,3,3,2,1,3,3,2,2,2,2,1,2,1,1,1
1275,2,-98,3,3,3,3,2,3,3,4,3,2,1,2,1,1,1,6,2
2262,5,13,8,2,1,4,2,2,2,1,2,1,1,1,2,1,2,6,1
955,2,17,2,4,5,3,3,1,4,3,3,1,4,5,5,1,1,6,1
528,4,4,3,2,3,3,3,3,3,2,2,2,2,4,2,4,1,6,1
1481,2,4,3,3,3,4,3,2,2,2,3,1,4,4,2,2,1,6,1
418,2,20,3,3,2,2,3,4,3,2,4,1,2,4,4,5,1,1,1
523,4,4,4,3,3,2,2,1,2,1,1,1,5,5,5,2,0,12,1
2040,1,1,1,2,2,4,4,1,1,2,2,2,1,2,2,1,-1,-1,1
850,2,11,4,2,3,2,3,2,2,3,3,3,2,4,4,4,0,8,2
231,4,1,4,3,3,3,4,3,2,2,3,3,4,4,2,2,0,12,2
1776,4,4,3,2,3,3,3,3,3,2,3,1,1,2,2,1,0,8,2
139,2,1,4,3,2,4,2,3,3,3,4,3,1,2,1,2,1,1,1
1382,4,1,97,1,1,1,1,1,1,2,1,1,2,2,1,1,1,1,1
1000,4,11,3,4,3,4,3,2,3,1,3,1,2,1,4,1,0,12,1
1248,2,13,24,3,4,3,3,2,2,2,2,1,2,4,2,4,0,3,1
1533,2,19,97,3,3,3,3,2,2,4,4,2,5,5,5,1,0,12,1
2128,4,27,97,3,2,2,5,2,2,2,3,2,2,2,4,1,1,1,2
369,4,1,3,3,3,3,4,3,3,3,3,2,2,4,4,2,0,12,2
822,4,16,3,1,2,2,1,2,2,2,2,1,2,4,4,2,0,8,1
1477,2,36,1,1,3,2,1,2,2,1,1,1,1,2,2,1,1,1,1
1478,4,16,32,2,1,1,1,1,1,1,4,2,1,4,4,1,0,12,2
1404,2,17,1,5,3,2,3,1,1,1,2,2,4,4,4,4,2,6,1
1119,2,11,3,2,-98,3,2,2,1,2,2,1,4,4,4,5,-1,-1,1
1116,2,1,3,3,3,3,3,1,1,2,1,1,4,4,5,1,1,1,2
1139,2,36,3,4,1,4,4,1,1,4,1,1,4,5,5,2,2,6,1
1791,2,-99,1,3,3,3,3,3,3,3,2,2,4,4,4,4,1,1,2
1007,2,20,-99,3,3,3,3,1,1,2,1,1,4,5,5,2,1,1,2
1054,1,1,1,3,4,4,4,3,2,4,3,3,2,2,2,1,0,12,1
138,1,30,97,3,2,1,1,1,2,2,2,2,4,4,4,2,1,1,1
1956,2,11,3,2,2,3,3,4,4,4,4,4,2,4,5,4,0,12,2
871,2,13,1,4,4,4,4,3,4,3,2,2,5,5,5,1,0,12,2
429,2,1,-98,3,3,3,3,1,1,1,2,1,4,4,4,2,0,12,2
1745,2,16,6,1,1,2,2,1,1,1,1,1,2,4,4,1,0,12,1
1528,2,32,1,5,4,4,2,2,1,2,4,1,2,5,4,4,-1,-1,1
1284,4,11,3,2,2,2,3,2,2,2,2,2,4,4,4,2,0,8,1
1471,4,11,3,3,5,2,5,2,1,2,2,2,1,1,1,1,1,6,2
1706,5,20,3,3,3,1,2,2,2,1,2,2,2,4,2,1,1,1,1
776,5,1,6,2,4,2,2,3,3,1,4,1,4,5,2,1,1,1,1
1235,2,1,2,4,4,4,3,2,3,3,4,3,4,4,4,2,0,12,1
1458,4,13,1,2,1,1,1,1,1,1,1,1,1,1,1,1,1,1,1
1930,4,1,1,4,2,3,3,1,2,2,1,1,2,4,2,1,0,12,1
246,1,16,3,5,5,5,5,1,1,1,1,1,5,5,5,5,1,6,1
1609,3,11,4,1,2,1,2,2,3,2,3,1,2,4,5,2,-1,-1,1
798,2,36,3,2,2,3,1,3,3,3,2,2,5,2,2,4,1,1,1
2437,4,5,3,2,4,3,3,2,2,1,2,2,4,5,4,4,0,12,1
1282,2,11,3,4,4,4,2,3,2,2,3,3,2,2,2,2,0,8,1
957,4,4,-98,2,-98,2,2,1,3,1,-98,3,2,2,2,4,0,12,1
1651,5,-98,-98,4,4,4,4,1,2,1,2,1,2,1,2,2,1,1,1
1420,2,1,3,4,4,2,2,2,2,2,2,1,2,2,2,2,1,6,1
655,4,11,4,4,2,2,1,3,2,1,4,1,2,2,5,2,0,8,2
285,4,36,6,2,2,4,2,1,1,1,1,1,1,5,5,1,2,6,2
230,2,32,4,2,4,2,2,2,2,2,3,2,4,4,4,4,0,12,2
283,4,29,3,4,5,4,4,1,1,1,1,1,1,1,1,1,1,6,1
1290,2,4,2,3,2,3,3,2,1,4,2,1,4,5,5,5,0,12,1
1430,2,37,4,4,3,4,2,2,2,3,4,2,4,5,4,1,0,12,1
2231,2,1,97,3,2,3,3,2,3,2,2,4,4,4,5,2,0,12,1
1786,2,-98,1,3,3,5,5,3,3,4,4,4,4,5,4,4,0,12,1
1708,2,4,3,2,2,2,2,2,1,2,2,2,4,4,4,4,1,1,1
1441,2,1,-98,4,4,4,4,3,2,3,2,3,5,4,5,2,0,12,2
1338,2,16,6,1,1,2,2,2,2,2,3,2,1,2,2,2,0,12,1
1847,4,16,4,2,3,2,1,1,2,2,1,1,2,2,4,2,1,6,2
158,4,13,11,3,4,5,5,3,1,2,3,3,1,2,2,2,2,6,1
1754,2,1,4,2,2,3,2,2,2,2,3,1,2,2,5,4,0,12,2
73,4,15,1,1,1,4,4,3,3,3,4,3,4,2,1,1,0,8,1
808,2,4,1,3,2,3,3,2,2,1,1,2,4,2,2,1,1,6,2
361,2,17,4,2,3,4,2,2,2,3,1,1,2,4,4,2,0,12,2
1543,4,1,-98,3,2,4,3,2,2,2,2,1,2,4,4,2,0,12,1
2549,2,-98,-98,2,2,1,2,2,2,3,2,1,2,4,2,1,-1,-1,2
759,2,1,-99,2,2,4,2,3,1,3,3,2,1,2,1,4,0,12,2
1827,2,1,95,2,1,2,2,2,1,2,2,1,1,4,5,4,0,12,2
1857,4,16,3,1,1,1,1,1,1,1,3,1,4,4,4,1,0,12,1
731,5,1,97,2,1,2,2,1,2,1,3,2,2,2,2,4,1,1,1
1327,2,96,3,2,3,2,2,2,2,2,3,3,2,4,4,2,1,1,1
1295,2,13,1,5,2,3,3,2,2,4,3,1,2,2,2,1,0,12,1
953,5,13,1,3,3,2,2,3,4,3,3,2,4,5,5,4,0,12,1
1521,2,34,3,2,2,3,2,1,2,1,3,1,2,4,1,1,0,12,1
386,4,1,3,4,2,1,2,1,1,1,1,1,2,4,4,2,0,12,2
837,4,35,4,2,1,3,2,2,1,2,3,2,2,4,2,4,1,1,2
1702,2,16,-98,5,5,5,5,1,1,1,1,1,4,4,2,2,0,8,2
1943,4,32,1,2,3,2,2,2,2,2,3,2,2,4,4,-99,0,12,2
1376,5,11,97,2,2,1,2,2,2,2,2,1,4,2,3,1,-1,-1,1
634,2,20,3,1,1,1,1,1,1,1,2,1,2,4,4,1,1,1,2
559,2,36,1,4,3,4,4,3,3,3,3,3,4,4,4,4,0,12,1
614,2,4,1,2,2,2,2,1,1,1,1,1,2,2,1,2,1,6,2
1915,1,11,3,2,2,4,5,2,1,1,1,2,2,1,4,1,1,1,2
1860,2,16,96,1,3,2,1,2,2,2,2,2,2,2,4,2,0,12,1
823,2,36,6,3,3,3,3,1,1,2,3,2,1,1,1,2,0,12,1
236,2,4,5,5,3,2,2,2,2,2,2,2,4,4,4,2,1,1,2
1413,2,13,1,4,2,4,4,2,2,4,2,2,4,4,4,1,0,12,1
396,2,13,1,3,4,4,3,2,1,2,2,1,2,4,4,2,1,6,2
1397,2,16,3,2,2,2,2,3,2,2,2,1,2,2,2,2,1,6,2
83,4,11,4,2,2,3,3,3,2,3,4,2,2,5,4,2,2,6,2
2339,4,1,-98,4,1,1,2,2,2,1,2,1,1,1,5,1,1,1,1
1954,2,5,4,2,1,3,2,2,2,3,2,2,2,4,4,2,0,12,2
1961,2,1,1,4,2,3,3,1,1,2,3,1,4,4,2,4,-1,-1,2
297,4,1,1,3,2,3,1,1,1,1,1,1,2,2,2,2,1,1,2
2454,2,16,5,3,3,3,3,2,2,4,2,2,4,4,4,4,0,12,1
2361,5,1,1,4,4,3,3,3,1,1,3,3,2,4,4,4,-1,-1,1
2172,4,6,4,3,2,4,2,2,1,2,3,1,4,4,4,4,0,12,1
173,4,11,3,3,3,2,2,2,2,2,2,2,4,4,4,2,2,6,1
795,4,4,15,2,1,2,3,1,1,2,2,2,2,4,4,2,0,8,1
1524,4,19,6,3,2,2,2,1,2,2,2,2,4,5,4,2,0,12,1
2103,2,13,96,3,4,3,3,1,2,3,2,2,5,5,5,5,-1,-1,1
1152,2,1,1,4,4,4,4,1,1,1,1,1,1,2,2,1,0,12,1
2527,4,32,4,2,2,4,2,1,2,4,3,2,2,4,4,1,0,8,1
363,4,11,4,2,1,3,2,1,1,4,3,1,4,5,5,2,1,6,2
486,4,17,32,4,4,3,3,3,3,4,4,3,5,5,5,4,1,1,2
356,5,32,6,1,1,1,1,1,1,1,1,1,2,1,2,1,1,1,1
193,4,11,3,3,1,2,2,2,1,1,3,2,4,2,2,4,1,1,1
413,2,32,1,4,3,4,3,3,3,3,3,3,2,4,2,4,0,12,2
2263,2,29,1,5,5,4,5,2,2,3,4,2,2,2,1,1,0,12,1
1819,2,30,1,2,2,3,3,3,2,4,2,2,2,4,4,4,0,12,1
84,2,1,1,4,3,4,4,3,1,3,3,2,2,2,1,2,0,12,1
910,2,20,-99,3,2,3,3,1,2,1,1,1,4,4,4,2,0,12,1
1921,2,-98,3,5,1,4,4,1,2,2,2,1,2,4,2,2,-1,-1,1
205,4,13,1,4,4,4,3,2,1,3,2,2,2,5,4,2,1,6,1
470,4,36,3,5,4,4,4,2,2,3,2,3,4,4,4,4,0,8,2
1642,2,-98,-98,-98,-98,3,3,-98,-98,-98,-98,-98,2,2,-98,3,1,1,2
451,4,16,4,2,5,2,5,1,1,1,2,1,4,4,4,2,1,1,1
219,2,-98,3,3,2,4,3,1,2,2,2,2,2,2,4,2,2,1,2
946,4,4,-98,3,3,2,1,1,2,2,3,1,1,2,1,2,0,8,1
1236,4,20,4,2,1,2,2,3,1,1,3,2,5,4,5,1,0,12,1
1751,2,96,3,3,3,3,3,1,1,1,1,1,2,4,4,2,0,8,1
1158,2,16,1,4,4,4,4,4,4,3,3,3,2,4,5,5,-1,-1,1
1023,2,13,11,3,2,4,2,3,3,3,3,3,4,4,4,4,0,12,1
129,4,28,1,3,3,4,3,3,1,3,3,3,2,2,2,2,1,1,1
1659,4,13,97,1,2,2,1,2,3,4,2,3,4,5,4,5,-1,-1,1
617,5,11,3,2,1,1,2,1,1,1,2,1,2,4,2,1,0,8,1
1841,2,6,4,1,3,2,3,3,3,3,3,3,2,2,4,2,1,1,1
1425,5,16,13,5,4,1,1,1,1,1,1,1,1,1,1,1,-1,-1,2
2340,2,-99,1,4,4,4,3,3,3,-99,4,3,4,4,4,5,-1,-1,1
1003,4,1,4,4,4,4,5,3,3,3,4,4,2,4,2,2,0,12,1
1766,2,5,3,1,4,3,3,1,1,1,1,3,2,2,4,2,1,6,2
1476,2,5,1,2,2,4,4,2,2,3,3,3,2,2,2,4,0,8,2
1782,4,32,2,3,3,2,2,1,2,1,2,2,2,2,2,-98,1,6,2
716,2,11,3,3,3,2,2,2,2,2,3,2,4,4,4,4,1,1,1
176,4,11,4,2,1,2,3,2,1,2,3,2,2,4,4,4,0,12,1
2322,4,16,4,5,4,2,5,2,2,2,2,2,2,4,4,2,0,8,2
1474,2,1,1,3,3,4,4,3,2,3,3,3,4,4,2,4,1,1,1
2611,2,16,1,2,2,2,2,2,1,2,3,1,1,1,1,1,2,6,1
1469,4,-98,3,2,1,2,3,3,2,2,2,1,2,1,2,4,1,1,1
786,4,11,4,3,3,2,2,2,2,3,3,2,4,2,4,1,1,6,2
255,4,11,4,4,1,1,2,2,2,1,3,1,4,4,4,2,0,8,2
856,1,36,1,3,1,2,1,2,2,2,2,2,4,4,4,2,0,12,1
277,2,1,3,3,2,3,2,3,2,2,3,2,2,2,2,2,0,12,1
1699,2,1,1,3,2,3,3,2,2,1,2,2,4,2,2,2,1,6,1
29,4,5,4,4,3,4,3,2,1,2,2,2,2,4,2,2,0,8,1
87,4,16,4,1,1,1,1,1,1,2,4,1,2,4,4,5,1,1,1
1993,2,-98,3,2,1,2,3,1,1,2,2,2,2,1,2,2,1,6,1
118,4,16,20,1,1,2,1,3,3,1,1,1,2,4,2,4,1,1,2
2296,2,-98,3,3,4,3,4,3,3,3,2,3,4,2,2,2,1,1,1
437,4,11,4,2,3,2,1,2,2,2,3,2,4,4,4,2,0,12,1
1421,2,20,3,4,3,2,3,3,2,1,2,3,4,4,4,2,1,1,1
1367,4,11,4,3,3,2,2,2,3,2,3,3,2,2,4,4,0,12,2
1611,2,1,3,3,2,2,2,2,2,2,2,2,4,4,4,2,2,6,2
183,4,20,4,2,2,1,1,1,1,1,2,1,4,4,4,4,0,12,1
316,2,36,1,2,3,3,2,2,3,3,4,1,4,4,2,1,0,8,2
1326,2,5,1,3,3,3,3,2,2,2,2,2,2,4,4,2,1,6,2
749,2,37,4,-98,3,3,3,3,1,3,3,1,4,5,5,2,1,6,1
190,2,14,3,4,5,5,5,1,1,2,3,2,4,2,2,4,0,12,1
1945,4,11,3,1,1,2,2,3,2,3,3,3,2,4,4,4,1,6,2
1994,2,30,-98,3,3,4,3,3,2,4,3,3,4,4,1,5,1,6,1
1908,2,1,-99,5,5,4,5,1,1,1,2,1,2,4,4,1,0,12,2
100,4,16,4,1,1,1,1,1,1,1,1,1,4,4,4,2,0,12,1
1630,4,4,3,4,4,4,4,3,3,4,4,2,2,2,2,2,1,1,2
1265,2,37,3,3,2,2,2,3,2,2,4,2,1,1,1,2,0,12,2
637,2,29,1,4,2,4,2,3,3,3,3,2,1,1,1,1,1,6,1
2136,4,20,4,3,2,4,4,2,2,2,3,2,2,5,4,2,0,12,2
1362,2,20,3,4,3,3,3,1,1,2,3,2,4,4,4,2,1,1,2
209,4,13,1,3,5,2,2,2,3,1,3,2,4,2,2,1,1,1,1
460,5,11,4,1,1,1,1,2,1,1,3,2,2,4,4,4,0,12,1
830,4,17,1,2,2,4,5,2,2,1,3,2,4,4,4,2,0,12,1
426,4,36,1,2,2,2,3,2,2,2,2,2,2,2,2,2,0,12,1
394,4,16,3,2,3,3,1,3,2,2,4,3,4,4,4,4,1,6,2
1331,5,1,3,5,3,3,2,1,1,1,1,1,1,5,2,1,0,8,1
2315,2,16,5,2,2,3,2,2,3,4,3,2,1,2,1,2,1,1,1
2551,2,17,3,3,3,3,3,2,2,2,2,2,4,4,4,4,1,6,2
1198,2,4,3,3,2,3,3,2,2,4,3,3,2,2,4,4,2,6,2
556,2,12,4,3,3,3,3,1,1,1,1,1,1,4,2,2,0,12,1
457,2,13,4,2,1,3,2,1,1,2,3,1,1,1,2,1,1,6,1
1283,2,16,3,2,3,2,2,3,2,3,4,3,2,2,2,4,0,8,1
867,2,19,5,4,1,4,3,3,2,4,2,2,2,2,2,2,0,8,2
218,2,16,1,2,3,2,3,3,2,3,2,2,4,4,4,4,1,6,1
1366,4,1,2,1,5,5,1,1,1,2,1,1,4,5,4,2,1,6,2
2020,2,19,1,-98,3,-98,-98,1,1,2,1,1,2,-98,2,2,2,1,2
88,2,5,1,2,2,2,2,1,1,2,2,1,4,4,4,2,0,12,1
1216,4,1,-98,1,1,1,1,1,1,1,3,1,1,4,4,1,1,1,2
468,2,11,4,3,3,3,2,3,3,3,3,2,2,5,4,2,0,12,2
1640,4,1,3,3,3,3,3,1,1,1,1,1,2,2,2,1,0,12,1
629,2,11,4,3,3,2,2,1,1,1,1,1,2,1,2,1,1,6,2
2031,4,35,3,1,2,3,2,3,2,1,3,1,4,4,4,2,0,8,1
807,3,-98,-98,1,1,1,1,4,1,4,4,4,4,2,2,5,1,1,1
2471,2,11,3,1,1,2,2,2,2,3,3,2,2,2,2,2,1,6,2
926,4,16,4,1,1,3,2,1,2,4,4,3,1,2,2,1,1,1,2
1306,3,35,4,3,2,1,2,2,2,1,2,1,4,2,4,2,1,6,1
1958,4,11,4,2,2,2,2,2,1,1,2,1,2,2,4,2,1,6,2
170,2,-98,3,3,3,4,2,3,2,2,3,3,4,4,4,2,1,1,1
116,2,1,3,4,3,3,4,1,1,2,3,2,2,2,2,1,1,6,1
292,2,12,1,3,4,3,3,1,1,1,3,2,2,2,4,2,0,12,2
1281,4,13,1,2,2,3,3,2,2,2,2,2,4,4,4,2,1,1,1
2064,2,33,1,3,2,3,3,3,2,2,3,3,4,4,2,1,1,6,2
344,2,1,4,5,2,3,3,3,3,2,4,2,4,4,4,4,1,1,1
2465,2,-98,-98,4,4,4,4,3,3,3,3,3,5,5,5,4,1,6,2
653,2,11,3,-99,-99,-99,-99,-99,-99,-99,-99,-99,2,5,5,2,1,6,2
1983,2,5,1,4,2,4,3,3,2,4,3,2,4,2,2,5,1,6,2
690,4,1,1,3,3,2,2,1,1,1,1,1,1,4,4,1,0,1,2
883,5,13,3,4,5,3,4,1,1,1,2,1,2,2,2,2,2,1,2
791,4,1,5,2,5,3,1,1,1,1,1,1,2,2,2,1,0,12,1
2272,4,11,4,2,2,4,3,3,3,4,4,2,2,4,2,4,1,6,2
1402,4,13,97,3,2,2,3,1,1,1,1,1,2,4,2,2,0,12,1
573,2,13,4,2,2,3,4,3,3,2,3,1,2,2,4,4,1,6,2
1599,2,96,4,4,4,4,3,1,1,4,1,4,4,4,4,2,1,6,2
913,2,4,1,3,4,3,3,3,3,3,3,3,2,4,2,4,0,8,2
1950,2,4,3,4,4,4,4,2,1,2,3,2,1,2,2,1,1,6,2
814,2,-96,1,3,3,3,3,2,2,2,2,2,2,2,2,2,0,12,1
1344,2,13,1,3,3,3,4,1,3,2,2,2,4,4,4,2,1,6,2
154,2,17,3,2,2,2,2,2,2,2,2,2,4,2,2,4,1,1,1
695,5,11,4,1,3,2,2,2,2,2,4,2,4,4,4,2,0,8,2
495,2,13,1,4,4,4,3,4,3,2,3,2,5,4,4,2,1,6,1
2395,1,36,3,4,4,3,4,3,2,3,3,2,4,4,3,2,-1,-1,1
1299,4,27,2,4,5,4,5,3,2,3,3,2,2,2,2,2,1,6,2
756,1,1,3,5,5,5,5,2,1,2,1,2,2,2,1,2,1,6,1
1006,4,19,4,3,4,3,2,2,1,2,2,2,2,5,4,2,0,12,1
821,4,37,4,2,1,2,2,1,2,1,2,1,2,2,2,1,0,8,2
180,2,13,97,2,2,2,3,2,2,2,3,3,4,4,4,4,0,8,1
1955,1,1,3,1,2,3,3,3,2,3,3,3,2,2,2,2,0,7,1
1341,4,20,3,4,3,1,2,1,1,1,1,1,4,1,4,2,0,8,1
1062,4,32,5,3,2,3,3,1,1,2,1,1,4,2,4,4,0,12,2
2466,4,1,4,2,1,2,2,1,2,4,3,1,4,4,4,2,1,6,1
1535,2,13,3,5,3,4,3,2,2,4,2,2,1,5,4,4,0,12,1
516,2,-98,1,2,3,2,5,2,2,3,2,1,2,2,2,2,1,6,2
663,2,13,1,3,2,2,3,2,3,2,2,1,2,5,5,2,1,6,2
189,4,30,3,5,4,4,5,1,1,2,4,3,4,4,2,2,1,1,2
2556,2,96,2,4,5,4,3,4,3,4,4,3,5,5,5,5,0,12,1
1357,2,96,4,3,2,2,2,2,2,1,3,2,4,5,4,2,0,12,2
1520,2,-98,3,4,4,3,3,2,2,3,3,2,4,4,4,2,0,12,2
1848,2,6,1,3,3,3,3,3,2,4,2,2,2,2,4,2,0,8,2
104,4,13,5,5,5,5,5,1,1,1,1,1,1,1,1,1,0,12,1
1807,2,11,3,3,3,3,3,2,4,3,3,2,2,2,2,1,1,1,2
258,2,4,3,5,4,4,3,1,3,2,1,1,2,4,1,1,0,8,1
1563,2,35,4,5,5,2,5,2,2,3,2,2,5,2,2,4,1,1,2
1999,4,11,4,1,1,1,1,1,2,2,2,2,1,2,4,4,0,12,2
178,2,16,3,1,1,2,2,1,1,1,2,1,4,2,4,2,0,12,1
263,2,20,2,4,4,4,4,1,1,3,3,2,1,4,2,1,1,1,2
767,2,-98,-98,2,5,3,3,1,1,1,1,1,2,2,2,2,1,6,1
2487,2,16,5,3,4,2,5,2,2,2,1,1,2,1,4,1,0,8,1
198,2,16,4,3,3,3,3,2,2,2,2,2,2,2,2,2,0,12,1
1423,2,30,-98,2,2,4,1,3,3,2,4,4,2,1,1,4,1,6,2
377,4,19,3,3,5,4,3,2,2,2,3,2,4,4,4,4,1,1,1
95,2,27,-98,3,3,3,3,2,2,3,2,3,4,2,4,4,1,6,2
2417,4,19,1,1,1,1,2,2,1,2,2,2,2,4,2,4,2,6,1
2194,2,11,1,3,3,4,4,3,2,2,2,2,2,4,2,1,0,12,2
400,2,5,3,3,3,4,4,1,2,2,4,2,5,5,2,5,1,1,1
2164,3,20,97,1,1,3,3,1,2,2,4,2,1,1,2,2,-1,-1,1
313,2,36,4,5,3,4,3,2,1,2,1,3,2,4,2,1,0,12,2
2615,2,4,1,3,3,4,4,2,2,3,3,2,2,4,2,2,1,6,2
2523,1,-98,4,4,4,4,4,3,3,2,3,2,2,2,2,2,1,1,2
683,5,16,4,2,2,2,1,2,1,2,4,1,2,4,4,2,1,6,2
143,2,4,1,3,1,3,2,1,1,2,2,2,2,2,2,2,0,12,2
1856,1,11,3,2,4,4,2,2,2,2,3,3,2,5,2,4,1,1,2
242,2,6,3,3,3,3,2,3,3,3,3,3,5,4,4,2,1,6,2
1519,2,13,4,4,3,3,3,2,2,2,2,2,2,4,4,2,0,8,2
684,4,11,3,2,4,2,2,1,1,1,2,1,5,5,5,5,1,6,2
952,2,1,3,2,2,2,2,2,1,2,2,2,4,2,4,1,0,12,2
1353,4,20,3,4,2,4,4,2,2,2,2,2,2,4,2,2,0,12,1
1883,2,30,6,2,3,4,3,2,1,4,3,1,2,4,2,4,1,1,1
726,4,96,4,1,2,2,4,2,3,2,4,1,4,4,4,4,0,12,1
2589,2,16,97,2,3,2,2,2,2,2,2,1,4,4,4,2,1,6,2
342,1,11,1,4,2,3,2,2,3,3,3,1,4,5,2,2,1,1,1
1998,4,11,4,5,5,3,2,4,4,4,4,2,1,4,2,1,0,12,1
2517,2,96,4,4,4,4,5,1,2,2,1,1,2,2,2,4,0,12,1
222,2,1,4,2,2,4,4,3,2,3,3,3,4,2,4,2,1,1,1
782,4,16,4,2,4,2,3,2,2,1,2,1,4,4,2,2,0,12,1
1548,2,14,3,3,2,2,3,2,2,4,4,3,4,4,4,4,1,6,1
1312,2,34,1,3,2,2,2,2,3,2,3,1,2,4,2,4,0,12,1
1888,2,1,4,3,2,3,2,3,2,4,4,2,4,4,4,2,1,1,2
1696,2,16,3,3,3,3,4,1,1,2,2,1,2,4,4,2,1,1,2
783,4,13,3,3,3,4,3,2,2,1,3,2,2,1,2,4,1,6,1
1792,2,-98,97,2,2,2,2,2,2,2,2,2,4,4,4,2,1,6,2
1107,2,13,2,3,2,4,4,1,1,3,4,2,1,2,1,2,0,12,2
1612,4,1,1,4,3,3,3,3,3,2,2,2,2,4,2,4,0,8,1
102,5,11,3,2,2,1,2,2,2,2,3,2,2,4,2,2,1,1,1
384,2,4,-98,3,4,4,4,3,3,4,4,4,1,1,1,4,1,1,1
2196,1,1,3,5,4,4,4,2,4,4,4,3,2,4,2,2,0,12,1
70,4,16,1,2,3,2,2,2,2,2,3,2,4,4,2,2,2,6,2
2076,2,13,2,2,2,3,3,1,2,1,1,1,2,4,4,1,1,6,2
1914,2,4,1,2,1,5,4,4,3,4,4,4,5,5,4,4,0,8,1
1879,4,16,3,1,2,2,1,3,1,2,2,1,1,1,4,2,1,6,2
1864,4,13,1,4,4,4,3,3,2,2,1,2,2,1,2,4,0,8,1
917,5,17,97,2,1,2,2,2,2,2,3,1,2,2,2,2,1,1,1
1616,4,16,3,3,3,2,2,2,3,2,2,3,2,4,4,4,1,1,1
1280,2,11,3,4,4,3,3,2,2,2,2,2,2,4,2,2,1,1,2
1874,2,16,2,4,4,3,2,2,2,3,3,2,2,2,4,2,0,12,2
1459,2,16,3,3,3,3,1,1,1,1,2,2,1,4,4,2,1,6,2
94,4,11,3,1,1,2,3,1,2,3,4,1,2,1,4,2,1,1,1
2066,1,18,3,5,4,3,4,3,2,3,4,3,2,4,2,4,-1,-1,1
815,2,96,3,4,2,3,4,4,3,3,3,2,2,2,4,5,1,6,1
