srcid,Q1,Q2,Q4,Q6a,Q6b,Q6c,Q6d,Q7a,Q7b,Q7c,Q7d,Q7e,Q10a,Q10b,Q10c,Q10d,sDevType,sOSName,age_gender
32,2,19,3,3,4,4,4,3,3,3,4,2,2,2,5,2,0,12,6
275,2,11,1,2,2,2,2,1,1,3,1,2,4,4,4,1,2,6,8
1180,2,-99,3,-99,4,3,4,3,3,3,3,2,4,4,4,4,1,1,6
1600,2,19,3,4,2,2,2,1,1,1,1,1,4,1,1,1,1,1,8
840,4,16,3,3,2,2,2,1,2,2,1,1,2,2,4,1,0,12,7
1483,2,11,2,3,4,3,2,2,2,3,2,2,2,2,2,2,1,1,6
3,4,5,1,2,2,2,2,1,1,1,1,1,4,4,5,5,-1,-1,6
1635,2,2,3,4,4,3,4,2,2,2,2,2,4,4,4,2,0,12,5
1604,2,13,3,5,5,2,5,1,1,1,2,1,4,4,4,4,-1,-1,8
21,4,11,2,5,2,5,4,4,1,1,1,1,1,1,3,1,-1,-1,6
2023,2,1,-98,4,4,3,3,3,3,4,4,4,1,2,2,4,0,12,6
1789,4,11,4,4,3,3,3,2,2,2,2,1,4,4,4,2,0,12,6
780,2,16,96,2,3,2,2,2,2,1,3,2,2,4,4,2,1,6,8
859,2,28,96,4,4,4,3,4,3,3,3,3,4,4,4,4,0,12,4
733,2,4,1,4,4,4,4,2,2,2,3,2,2,4,2,4,0,12,3
2355,1,1,1,5,5,5,5,3,1,4,2,2,4,5,5,5,-1,-1,8
750,5,19,1,3,3,3,2,2,2,2,2,2,4,4,4,4,1,6,5
1538,2,-98,96,3,2,3,2,1,1,3,2,2,4,4,4,2,0,12,6
2607,2,16,1,3,3,3,2,2,2,2,2,1,2,4,4,1,-1,-1,8
1052,3,36,8,4,3,2,2,2,2,2,1,1,3,4,4,4,-1,-1,8
977,4,11,3,3,2,3,2,2,2,1,2,1,5,5,5,1,0,12,8
466,4,13,1,4,4,5,2,3,2,3,3,1,2,4,4,2,-1,-1,8
537,4,13,1,5,3,4,3,3,1,2,3,3,2,2,4,1,-1,-1,8
1271,4,11,96,5,2,2,5,1,1,1,3,1,2,2,2,2,0,8,4
293,2,13,-98,3,4,4,5,2,2,3,3,3,2,2,2,2,0,12,4
2498,4,16,1,3,3,3,3,4,4,4,4,4,4,4,4,4,0,12,3
656,2,19,3,1,1,2,1,1,1,2,2,1,4,4,4,1,1,6,7
1324,1,1,1,5,4,5,5,1,1,3,1,3,4,5,4,2,-1,-1,7
464,5,19,96,4,2,2,3,3,3,3,4,2,5,5,5,1,-1,-1,7
199,2,11,1,3,3,3,3,3,1,1,2,1,4,2,2,2,1,6,4
1233,2,1,3,2,1,4,4,2,2,4,4,1,2,4,4,2,-1,-1,8
1428,2,30,3,4,2,4,2,3,3,4,3,3,2,2,2,2,1,6,4
2468,2,5,3,5,4,4,4,1,1,2,2,2,4,4,4,2,0,12,8
1774,4,20,3,3,3,3,2,3,2,2,3,2,4,4,4,2,0,8,8
103,3,96,1,5,4,3,3,1,1,1,1,1,1,3,3,1,-1,-1,8
1137,1,28,1,2,2,3,2,1,1,3,2,1,2,4,5,5,-1,-1,8
215,4,11,1,2,1,3,1,3,3,2,3,2,1,2,4,2,0,12,7
4,5,29,1,2,2,4,4,4,3,4,4,3,5,5,5,5,-1,-1,6
1329,4,11,4,2,4,3,2,2,2,2,3,2,2,4,5,2,0,12,5
2384,4,28,3,3,1,2,2,1,1,2,3,1,1,1,2,2,0,12,7
772,5,16,5,1,1,1,1,1,1,1,3,1,2,4,2,2,2,6,6
1165,2,5,4,2,2,2,2,1,2,2,2,1,4,4,4,2,2,6,8
2267,2,17,3,4,4,4,2,2,1,2,2,1,2,4,2,2,0,12,5
137,2,11,4,-98,3,3,-98,3,1,3,2,2,4,5,5,4,-1,-1,8
1858,4,16,3,1,1,1,1,1,1,1,2,1,4,2,5,1,2,6,8
1067,3,13,95,2,1,4,3,1,1,3,3,1,4,4,4,1,-1,-1,8
1019,1,1,3,4,4,3,3,3,2,1,4,2,4,4,4,4,0,12,7
1226,4,29,3,1,1,2,3,2,1,1,1,1,2,2,4,1,0,12,7
990,2,96,1,3,3,3,3,1,2,3,2,2,4,4,4,2,1,1,7
509,2,1,3,3,3,4,3,3,3,3,3,3,2,5,4,4,0,12,5
1910,4,11,-98,5,2,3,5,1,2,2,3,1,2,4,4,4,2,6,4
128,2,11,1,3,3,3,3,3,3,3,3,3,2,4,4,4,0,12,6
770,2,19,1,4,2,3,3,3,3,3,3,3,4,4,4,2,2,6,6
1061,4,16,1,3,2,3,2,1,1,2,2,1,2,2,1,1,0,8,5
305,4,11,96,2,2,2,2,2,2,2,2,1,2,2,2,2,1,6,6
452,2,5,1,3,3,4,2,1,2,3,2,1,2,4,2,2,0,12,7
320,2,16,1,3,3,4,4,2,2,4,3,2,2,5,5,1,0,12,8
595,4,1,1,4,5,3,4,1,1,2,1,1,2,2,4,2,1,1,4
1384,2,1,3,5,5,3,3,1,1,1,1,1,4,4,4,2,2,6,6
1687,4,13,6,5,4,4,2,3,1,4,3,1,1,4,4,1,-1,-1,7
308,2,-98,-99,3,2,3,3,2,2,2,2,2,2,4,4,2,0,12,7
269,4,16,34,2,2,1,3,2,2,1,3,2,2,4,2,2,-1,-1,5
1072,4,1,1,4,5,2,2,2,1,2,1,1,1,1,1,1,-1,-1,8
1070,4,16,6,5,4,4,4,2,2,3,3,2,2,4,4,1,-1,-1,7
2034,4,1,2,1,1,3,3,2,2,3,2,1,2,2,1,4,0,8,6
1069,2,1,6,3,3,3,3,2,2,2,4,2,4,4,4,4,-1,-1,6
28,4,-98,6,5,1,1,2,1,1,2,1,2,5,5,4,4,-1,-1,8
1214,2,20,3,2,2,4,2,2,2,3,4,2,4,4,4,4,0,12,7
463,2,1,1,5,4,4,5,2,3,2,3,2,4,5,4,1,-1,-1,8
64,4,13,3,5,5,1,5,1,1,1,1,1,4,5,4,1,0,12,8
721,2,6,1,5,5,3,2,2,1,1,2,2,4,4,2,1,0,12,4
1846,2,11,1,4,2,4,2,2,2,3,2,2,4,2,4,2,2,6,4
535,2,28,1,3,5,2,2,1,1,1,2,4,5,4,4,-98,-1,-1,8
1246,4,-98,-98,4,4,4,2,1,1,2,2,2,2,4,4,2,0,12,4
33,2,13,3,4,5,4,4,1,2,2,1,2,4,4,2,2,1,6,5
1155,2,30,1,5,5,4,5,1,2,3,2,1,2,4,4,2,1,6,4
613,2,13,3,5,5,2,2,1,1,1,1,1,4,5,5,2,-1,-1,8
1219,2,34,2,2,2,4,2,2,2,2,2,2,4,4,4,2,0,12,8
249,2,17,1,4,3,3,3,3,4,3,3,4,2,2,2,2,2,1,8
1859,4,11,4,3,5,4,4,3,3,4,3,3,5,5,5,5,2,6,8
863,2,19,8,3,3,2,2,2,2,2,2,2,2,2,2,2,2,6,5
688,2,11,3,1,1,2,1,1,1,1,1,1,2,5,4,1,-1,-1,8
304,2,13,1,2,2,1,1,1,1,1,1,1,4,5,4,1,0,12,3
1591,4,16,3,1,3,2,2,1,1,1,1,1,5,5,5,5,-1,-1,5
1986,2,16,3,3,3,4,2,3,2,3,4,3,2,2,2,2,0,12,5
51,2,1,-98,4,4,4,4,2,2,2,2,1,2,4,2,2,1,1,4
1768,4,16,4,4,2,4,4,3,3,4,3,2,5,5,5,5,0,12,5
1092,2,4,3,2,3,4,3,2,1,4,3,3,1,2,2,4,0,12,4
79,2,4,1,4,5,4,5,2,2,2,3,2,4,5,4,2,0,12,8
1969,2,96,4,3,3,3,2,2,2,2,3,1,1,4,2,4,0,12,3
1648,2,8,3,2,3,4,2,1,1,2,2,2,1,5,2,1,0,12,5
1592,1,2,3,3,5,3,2,1,2,1,3,3,4,5,4,2,1,6,2
578,2,1,-98,3,3,4,3,3,2,4,4,3,2,2,2,4,1,6,4
1266,2,5,3,5,5,4,4,1,2,3,3,4,4,2,2,2,1,1,4
787,1,16,-98,3,2,2,2,2,2,2,2,2,2,4,4,2,1,6,5
1849,4,16,1,3,2,2,2,3,1,4,4,2,2,2,4,1,1,6,4
1462,2,16,-98,3,4,3,3,2,2,2,2,2,4,4,4,2,2,6,8
1193,2,1,1,2,5,4,4,1,1,2,2,1,2,4,4,2,1,6,4
862,2,1,11,4,4,3,2,1,1,2,2,1,1,4,2,1,0,12,7
112,4,20,4,1,1,2,2,1,1,2,4,1,4,4,4,2,0,12,3
1289,2,1,6,2,2,2,2,1,1,1,1,1,1,1,1,1,0,12,6
1002,2,17,1,4,4,3,4,1,1,1,2,2,2,2,2,2,0,12,6
430,2,6,-98,5,3,4,1,1,1,2,1,1,5,5,5,1,0,12,5
1707,5,1,1,4,3,4,3,2,2,1,2,2,4,4,4,4,-1,-1,3
333,4,13,1,3,3,3,3,1,1,2,2,2,2,4,4,4,0,12,7
18,2,1,97,2,2,3,3,4,3,3,3,3,4,5,4,5,-1,-1,8
406,4,11,3,2,2,2,2,1,1,1,2,1,2,2,2,2,0,12,8
1677,1,12,1,5,5,5,5,1,1,1,1,1,2,2,2,1,1,1,8
1225,2,17,-98,1,3,4,3,2,3,3,2,2,1,5,5,1,2,6,6
625,5,11,3,1,3,1,1,2,1,2,2,2,2,5,4,4,2,6,6
880,3,11,3,2,1,3,2,2,1,2,2,1,1,2,2,2,0,8,8
1464,1,16,1,4,2,3,3,2,2,3,4,2,5,5,2,4,1,6,4
1772,2,16,1,2,2,4,4,2,2,3,4,2,2,4,2,4,0,8,3
2313,4,13,3,3,2,1,2,2,1,2,2,1,2,2,4,1,1,6,3
2221,2,13,1,5,5,4,4,1,2,3,3,2,4,4,5,4,-1,-1,7
853,2,11,3,3,3,3,3,2,2,2,3,2,4,4,4,4,0,12,6
689,5,5,4,4,2,2,3,2,2,2,2,1,4,5,4,2,0,12,7
1086,2,11,3,4,2,4,3,3,3,3,4,3,4,5,5,4,1,6,8
1682,2,1,2,4,4,2,2,3,1,2,2,1,4,5,4,4,-1,-1,8
836,4,16,11,2,1,1,1,1,1,1,1,1,2,2,2,1,0,12,5
37,2,1,3,4,4,3,3,1,2,2,1,1,2,2,2,1,1,1,4
482,2,4,4,4,4,4,3,3,3,3,3,2,2,4,4,4,1,6,3
469,2,19,5,1,4,4,4,4,3,4,1,2,1,1,2,4,1,6,3
1813,1,37,3,4,2,3,3,2,2,3,4,3,1,4,2,4,2,6,4
974,2,-98,3,2,3,2,2,3,2,2,3,2,4,5,5,2,0,12,2
350,4,35,3,5,5,2,2,1,2,2,4,2,2,2,1,4,0,12,5
1730,1,32,1,4,4,3,4,2,2,2,2,1,5,5,5,5,-1,-1,8
2013,2,16,3,2,2,2,1,2,2,2,3,1,1,2,2,1,1,1,5
1808,2,1,-99,4,4,3,-99,-99,-98,-99,-99,-98,3,3,3,-99,0,12,2
1933,1,20,1,4,4,4,4,2,2,2,2,2,2,4,2,2,-1,-1,8
514,4,29,-99,2,2,2,1,2,2,1,2,2,4,5,5,2,0,12,5
1211,4,12,-98,2,2,3,3,1,2,1,1,1,1,1,4,1,1,6,8
920,4,5,3,5,3,2,5,3,2,2,3,1,2,4,2,1,0,12,6
1300,2,1,1,4,4,4,3,2,2,2,2,2,2,4,2,4,1,1,3
1779,2,-98,-98,2,2,2,2,2,1,2,3,2,4,4,4,4,0,8,8
697,2,19,4,4,4,4,5,4,4,3,3,4,5,5,5,5,0,1,6
2061,2,96,1,2,2,2,2,2,2,3,2,2,4,4,4,2,2,6,8
2237,2,1,1,3,5,3,4,3,3,4,3,4,4,4,-98,2,1,1,4
339,5,11,1,2,2,2,4,2,2,2,2,2,2,4,2,2,0,12,7
1163,4,20,4,2,2,2,2,3,3,2,3,2,2,2,4,1,1,6,4
842,4,11,4,2,2,3,3,2,1,3,3,1,2,2,5,1,0,12,3
1913,4,11,2,4,4,4,4,3,3,3,4,3,2,4,4,4,0,12,5
534,4,16,11,3,4,3,3,4,4,2,4,2,5,5,5,2,1,1,5
261,2,-98,1,3,3,3,3,2,2,2,2,2,2,4,4,4,0,12,7
1162,4,20,4,2,2,2,2,1,2,1,2,1,2,2,4,2,1,1,3
456,1,5,3,5,5,5,5,1,1,1,1,1,2,2,2,2,2,6,6
1293,2,4,-99,4,2,3,3,2,2,2,2,1,4,5,4,2,1,6,3
61,4,19,6,3,2,2,2,2,2,2,2,2,4,4,5,2,0,12,6
243,2,96,3,2,2,4,2,2,2,2,2,2,4,4,4,4,0,12,7
560,2,-98,1,3,3,4,2,2,3,2,3,2,4,4,4,4,1,6,2
1390,2,11,97,2,2,2,2,1,1,1,2,2,5,5,5,5,-1,-1,5
1911,4,16,3,2,2,3,2,3,2,4,3,3,2,4,4,4,0,8,8
1594,2,16,1,3,3,4,2,2,1,3,2,3,2,1,1,1,0,12,7
1822,2,31,6,3,4,3,3,2,-98,1,3,3,4,5,5,4,1,6,4
449,2,1,-99,4,3,3,4,2,3,4,4,2,1,2,1,2,0,12,4
896,2,11,6,3,3,3,3,3,2,3,3,3,2,2,4,2,0,12,6
543,2,36,96,3,3,3,4,3,3,3,2,2,2,2,2,4,0,12,6
156,2,13,97,4,4,3,4,2,2,2,3,1,2,2,4,2,1,1,3
1387,5,11,3,4,1,2,2,1,1,2,2,1,4,4,4,2,0,12,7
2612,2,13,3,4,2,3,2,2,1,2,3,1,1,1,1,1,1,6,5
1318,4,1,1,5,5,3,5,1,1,2,1,1,4,4,4,1,0,12,7
1820,2,16,4,3,3,4,5,2,2,2,3,1,4,4,4,2,1,6,7
26,1,13,13,5,1,5,3,1,1,1,1,1,5,5,5,4,-1,-1,7
801,2,11,1,2,1,2,2,1,1,1,2,2,4,4,4,2,0,12,7
846,4,11,4,2,2,2,2,2,2,2,4,1,4,4,4,2,0,8,1
623,4,13,3,3,3,3,3,1,2,2,2,1,4,2,5,2,1,1,8
1934,2,30,8,3,4,3,3,1,1,2,1,1,2,2,2,2,0,12,6
1354,2,1,4,5,5,5,5,1,1,1,1,1,4,4,2,2,0,12,3
169,2,11,-98,4,4,3,2,2,2,2,2,2,4,4,2,2,1,6,2
797,1,20,4,2,2,2,2,1,1,3,3,2,4,4,4,2,1,6,4
1718,2,34,3,3,3,4,3,2,1,2,2,2,4,4,4,2,0,12,8
1654,3,36,1,2,2,2,2,1,1,3,2,1,4,5,4,4,-1,-1,7
2268,2,32,1,3,3,3,4,1,2,3,3,2,2,4,4,2,0,8,6
335,4,35,11,4,4,1,4,2,1,2,3,1,5,4,2,4,1,6,7
1899,2,16,3,3,3,3,3,2,2,2,2,2,2,4,4,1,0,8,8
299,2,27,1,3,4,4,3,2,2,4,4,3,2,4,2,1,0,8,2
844,4,30,1,4,4,4,4,2,2,2,2,2,4,4,4,2,0,12,6
166,2,32,4,3,1,2,2,1,1,2,3,1,2,5,4,4,0,12,7
2154,2,4,4,5,5,4,5,1,1,2,1,3,5,4,4,5,-1,-1,5
541,2,16,3,2,4,2,2,2,2,2,3,1,2,4,4,2,2,6,1
725,4,13,3,3,2,2,2,1,2,1,1,1,1,1,1,1,2,6,6
101,2,1,3,2,1,1,1,1,1,1,2,2,1,4,4,1,2,6,1
1422,2,16,3,2,2,1,1,1,2,2,3,1,1,1,4,4,0,12,3
89,1,11,1,5,4,3,2,3,3,3,3,3,4,5,4,2,1,6,4
1489,2,1,1,3,3,3,3,2,2,2,3,3,2,2,2,2,1,6,4
1302,2,1,1,5,4,4,1,1,1,1,2,1,4,4,2,2,1,6,4
525,2,13,1,4,3,3,5,1,1,1,1,1,1,4,1,1,1,1,4
1432,2,37,4,3,2,2,2,1,3,1,3,1,2,1,4,1,0,12,2
1866,2,11,4,3,2,4,2,3,3,2,4,3,4,4,2,2,1,6,3
366,2,17,4,2,2,2,3,1,2,2,1,1,2,4,2,1,0,12,4
280,2,13,3,4,3,4,4,2,4,2,2,2,4,4,4,4,-1,-1,8
31,2,13,96,5,3,4,2,1,1,2,4,2,5,4,4,5,-1,-1,7
1556,2,11,3,2,2,2,2,2,2,2,2,2,2,2,4,2,0,12,7
532,2,1,3,4,4,4,4,2,1,2,2,2,1,2,1,1,0,12,8
892,4,16,3,1,1,1,1,1,1,1,3,1,1,4,4,2,0,12,7
898,2,96,1,5,5,4,5,1,1,1,3,1,5,5,5,5,1,6,7
607,4,-98,4,3,4,3,3,3,3,-98,3,3,4,4,5,4,2,6,8
1210,2,11,3,5,2,3,5,2,2,2,3,1,2,2,2,2,0,12,6
973,5,11,4,2,3,2,3,1,2,1,3,1,4,4,4,4,0,12,5
755,2,16,4,3,3,2,2,2,2,4,4,3,2,4,4,2,0,12,5
194,2,32,2,2,2,2,2,1,1,2,2,2,2,5,4,2,1,1,5
204,2,16,1,2,2,4,2,2,3,3,3,3,4,5,5,2,0,8,4
615,2,13,1,4,4,3,4,2,3,3,3,2,5,5,4,2,1,6,8
1875,4,16,4,2,5,1,5,1,1,1,1,1,2,2,5,1,0,12,6
921,5,11,4,4,3,3,3,2,2,2,2,2,4,4,4,2,1,1,6
1043,3,13,1,4,2,4,3,1,1,3,1,1,4,4,4,1,-1,-1,7
113,4,16,8,1,1,1,1,1,1,1,1,1,2,4,4,2,0,12,4
2,3,5,95,5,4,2,2,2,2,1,2,1,2,2,4,1,-1,-1,4
1732,2,11,1,4,4,4,3,3,2,2,2,2,2,4,4,2,2,6,8
1025,2,13,4,3,3,3,4,1,1,1,3,1,5,5,5,5,-1,-1,8
1515,4,6,97,4,4,1,5,1,1,2,2,2,2,4,4,2,0,12,6
1534,5,35,3,2,2,2,1,1,1,1,4,1,2,4,4,1,0,12,8
181,4,5,3,2,1,2,2,1,1,2,2,1,4,5,4,1,0,12,5
1632,4,16,-98,1,1,1,1,1,1,1,1,1,1,1,4,1,1,6,4
773,2,16,1,4,2,3,3,2,2,3,2,2,2,4,4,2,2,1,7
221,2,1,1,4,4,3,3,1,1,1,2,3,4,4,4,1,0,12,5
1447,4,11,3,2,2,2,3,2,2,2,3,2,2,4,4,2,2,6,8
1205,2,5,3,4,2,1,5,1,1,1,1,1,4,2,4,2,0,12,7
2015,4,12,11,2,2,3,2,1,2,2,2,1,4,4,4,2,0,12,6
1525,4,16,2,3,4,3,3,2,3,3,3,3,2,5,4,4,2,6,8
47,2,19,4,3,3,3,3,2,3,3,2,2,4,4,4,4,1,1,4
1466,2,1,1,3,1,3,1,1,1,1,1,1,1,4,4,1,0,12,8
428,2,34,1,4,3,4,4,3,2,3,3,3,2,2,2,4,2,6,5
1902,4,32,3,2,1,2,1,1,2,3,2,1,2,4,4,2,0,12,7
1514,2,1,3,4,3,4,4,4,3,4,3,3,5,5,5,5,-1,-1,8
1496,2,13,97,4,3,3,3,2,3,3,3,3,4,4,4,2,0,12,8
1870,4,16,4,2,2,2,2,2,2,2,2,2,2,4,2,4,2,6,6
2025,2,4,-98,4,4,3,3,3,3,3,3,3,4,2,2,2,0,12,8
2190,2,4,3,3,3,3,3,3,3,2,4,3,4,4,4,2,0,12,1
954,4,16,-98,4,3,4,4,3,2,4,3,3,1,4,2,1,0,12,7
785,4,20,1,2,1,2,2,1,1,1,1,1,1,2,2,1,0,12,8
1516,4,11,3,3,2,3,2,2,2,2,2,1,1,2,4,1,0,12,8
964,4,16,96,2,2,3,2,2,1,3,3,1,4,4,4,1,0,12,8
157,2,16,1,2,1,4,3,2,1,3,2,2,2,4,4,4,0,12,7
1742,5,11,4,3,3,2,1,3,3,2,4,2,2,4,4,4,1,1,5
1134,5,16,11,1,5,1,1,1,4,1,2,1,1,1,1,1,-1,-1,7
1012,4,6,1,3,5,4,2,3,2,3,2,2,5,5,5,1,-1,-1,8
1371,2,11,1,2,4,4,3,4,4,4,4,4,5,5,5,5,1,6,6
1644,2,17,1,3,5,5,5,2,1,3,3,1,1,4,2,1,1,6,6
1460,2,16,3,3,4,3,3,2,2,3,2,2,1,2,2,4,2,6,6
878,4,-98,3,5,5,5,5,1,1,2,3,1,2,4,4,2,0,12,8
941,4,36,1,5,4,4,5,2,1,2,2,1,2,4,2,2,1,1,3
621,5,11,-99,1,1,1,1,1,1,1,1,1,2,4,4,1,0,12,8
769,4,11,3,3,2,3,3,3,2,3,4,2,4,5,5,4,2,6,6
8,1,1,1,4,5,4,5,1,2,2,2,1,5,5,4,4,-1,-1,8
382,4,11,3,3,3,3,4,3,3,2,3,1,2,4,4,4,0,12,8
2130,5,37,4,2,2,1,1,1,1,1,3,1,2,4,2,2,1,1,6
1154,4,35,4,1,2,2,2,3,2,1,3,2,2,4,4,4,0,12,6
278,2,36,1,3,2,3,2,3,2,3,3,3,1,2,2,2,1,1,6
1081,4,16,4,5,5,1,1,1,1,1,1,1,2,4,4,4,0,12,7
2069,4,11,3,2,3,3,3,1,3,2,2,1,4,4,4,2,0,12,7
1517,5,16,4,2,2,2,2,1,1,2,2,2,4,4,4,2,0,12,7
971,4,19,3,2,2,4,3,3,2,3,2,2,2,5,2,2,0,12,8
268,4,96,3,3,3,3,5,2,2,2,2,1,1,4,2,2,0,8,7
938,2,17,1,3,5,3,3,2,1,1,2,1,1,4,4,2,0,12,8
1305,4,19,3,2,2,2,2,1,1,2,3,1,4,4,4,2,0,12,8
886,2,16,3,5,5,5,5,1,1,1,2,1,1,2,2,1,0,12,5
718,5,11,3,2,2,3,2,2,3,2,4,2,4,4,4,4,0,12,7
568,4,13,1,2,1,1,2,1,1,2,1,2,2,5,4,5,-1,-1,7
1757,4,16,-98,3,2,3,3,2,1,2,3,2,4,4,4,2,0,12,7
1140,4,11,2,2,2,2,1,1,2,2,3,2,4,5,5,1,1,1,6
530,4,4,3,2,2,2,2,1,1,1,2,2,5,5,5,5,2,6,7
1861,4,13,2,3,3,2,2,1,1,2,3,2,2,5,4,2,0,12,8
1929,4,13,2,4,2,4,4,2,1,2,1,2,5,4,4,1,-1,-1,8
1403,5,16,13,3,3,1,3,1,1,1,1,1,2,2,4,1,1,6,4
1021,4,13,11,2,4,1,1,4,4,1,1,1,2,2,4,2,-1,-1,8
1202,4,-98,4,2,3,1,2,1,1,1,2,1,2,2,2,2,0,12,6
1026,2,13,2,3,-98,2,3,1,1,3,2,1,5,5,5,5,-1,-1,8
267,5,13,11,2,2,2,2,1,1,2,1,1,4,4,4,1,0,12,5
387,2,1,1,2,2,5,4,3,2,4,4,2,2,2,2,4,2,6,8
1639,4,20,3,3,3,4,3,3,4,3,3,2,5,5,5,5,2,6,4
2333,4,20,96,5,5,1,2,1,3,2,2,2,1,2,4,2,1,1,8
490,4,16,3,2,2,2,2,2,1,2,2,2,4,4,2,2,-1,-1,7
825,2,96,2,2,1,1,2,1,3,1,2,1,4,4,4,4,0,12,7
459,5,11,5,4,1,3,3,1,2,3,3,3,5,5,5,5,-1,-1,8
827,2,16,4,2,2,2,2,2,2,3,2,1,4,5,4,4,0,12,4
927,2,11,4,1,1,2,2,1,1,1,1,1,2,2,4,1,0,12,8
970,4,11,3,2,1,1,2,1,1,1,3,1,1,2,1,1,2,6,7
1680,2,16,2,3,2,2,2,2,2,3,2,2,4,4,4,2,-1,-1,7
1034,5,16,4,4,2,2,2,2,2,2,2,2,5,4,5,1,0,12,4
2542,5,11,3,3,3,2,2,3,3,2,3,2,2,2,4,2,0,12,8
1893,2,1,4,3,3,4,4,2,2,2,2,2,2,4,2,2,1,1,4
2209,2,13,2,3,2,4,3,3,2,3,3,2,4,5,5,1,0,12,7
6,4,13,3,4,2,2,4,1,2,2,2,2,5,5,5,1,-1,-1,8
890,1,16,-98,1,5,2,1,2,2,2,2,2,1,2,2,1,0,12,8
7,5,16,3,5,1,1,1,1,1,1,1,1,5,5,5,5,-1,-1,8
580,2,11,3,3,2,2,2,1,1,1,1,1,4,4,4,2,2,6,6
454,4,36,1,4,2,3,3,2,1,1,2,2,2,2,1,2,1,6,8
865,4,96,11,2,2,2,2,1,1,2,1,1,2,5,5,1,0,12,8
969,1,13,1,4,4,4,4,1,1,1,1,1,4,4,4,1,2,6,8
1201,4,11,4,3,1,2,3,4,4,3,3,2,4,4,4,4,0,12,5
1555,2,13,1,4,4,4,4,2,1,4,3,3,5,5,5,5,-1,-1,7
616,4,-98,3,3,2,2,3,2,2,2,2,2,4,4,4,2,1,6,2
1074,5,13,2,4,4,3,2,1,1,1,1,1,2,1,2,5,1,1,6
1826,4,16,3,4,1,4,2,1,2,2,3,2,2,4,2,2,0,8,6
847,1,1,3,2,4,3,2,2,2,3,3,3,2,4,4,4,0,12,5
14,2,19,2,2,2,4,2,1,2,3,3,2,1,4,4,-98,-1,-1,8
1048,1,20,3,4,2,4,3,1,1,2,4,1,3,4,2,2,-1,-1,7
1995,2,16,4,4,2,3,2,2,2,2,2,1,2,1,2,2,1,6,4
679,2,-98,1,4,3,4,4,3,4,3,3,3,2,4,4,4,2,6,4
1204,4,29,2,3,4,4,2,2,2,4,2,2,2,2,4,4,1,6,3
1105,2,13,97,4,5,3,4,2,1,2,2,1,4,4,4,2,0,12,6
1172,2,16,2,2,1,1,2,1,1,1,1,1,4,4,4,2,0,12,8
813,2,34,1,4,4,3,3,3,2,3,3,2,2,4,4,2,2,6,8
2560,2,34,2,3,3,4,2,2,3,3,2,2,4,4,4,2,-1,-1,7
287,2,35,3,4,3,2,2,2,2,2,3,2,2,4,4,2,1,6,7
646,4,-98,-99,3,2,2,3,1,1,2,1,1,2,4,4,2,0,12,6
233,4,16,4,3,1,2,2,1,1,1,3,1,1,1,4,1,1,6,6
1900,5,1,3,1,2,2,2,2,1,1,2,1,4,4,4,2,0,12,5
2336,2,11,3,3,3,3,3,4,3,4,4,4,4,5,4,2,0,12,5
1041,2,17,1,5,4,4,4,3,1,3,1,1,5,5,1,5,-1,-1,3
720,2,13,3,5,5,5,5,2,1,3,3,2,5,2,2,4,1,1,3
1251,2,34,1,2,2,2,2,2,2,2,2,2,2,2,4,2,1,6,4
549,2,29,1,2,2,4,4,2,2,3,3,3,2,4,2,4,1,6,5
1168,4,96,-99,4,-98,-98,-98,-99,-98,-98,-99,-98,3,3,-99,-98,0,12,3
1721,4,11,4,3,3,3,3,3,3,3,3,3,4,4,4,4,0,12,8
1728,2,11,3,2,1,3,2,1,1,1,2,1,5,5,5,5,0,8,5
1725,4,5,96,5,3,2,2,2,2,1,2,2,2,4,4,2,-1,-1,8
1810,2,34,1,3,3,3,3,1,1,2,1,1,2,5,4,1,1,1,8
398,2,96,1,2,2,3,2,2,3,3,1,2,4,4,4,2,2,6,7
2011,2,29,2,3,2,3,3,2,2,2,2,2,5,4,5,1,0,12,8
67,4,36,5,4,4,3,3,2,4,2,4,2,2,5,2,5,1,6,8
1809,1,16,97,3,2,3,3,3,2,3,3,2,2,4,2,4,1,6,7
257,2,11,1,4,4,2,2,2,1,2,3,2,5,4,4,2,0,12,7
1261,2,13,3,3,2,2,2,1,1,2,2,1,2,2,2,2,0,12,8
789,4,11,4,5,1,2,5,1,1,2,2,1,4,2,5,1,0,12,6
1457,5,11,3,2,2,2,2,2,1,1,2,1,4,4,4,1,2,6,7
1292,4,16,1,4,2,4,2,2,1,3,3,2,2,4,4,4,2,6,7
1837,4,11,3,1,1,2,2,1,1,1,3,1,4,4,5,4,0,8,4
409,4,11,4,4,2,2,3,2,2,1,3,1,4,4,4,1,0,8,6
796,2,13,1,4,4,4,3,2,2,3,1,2,4,4,4,2,0,12,7
252,2,13,1,4,2,3,3,2,1,1,1,1,1,2,2,2,0,8,7
1001,1,16,1,5,5,5,5,1,1,2,1,1,2,5,2,1,0,12,7
1294,4,1,1,2,2,2,2,2,1,2,3,3,4,4,4,2,0,12,5
2439,2,1,3,2,1,2,2,1,3,1,2,1,2,2,2,1,0,8,6
1891,4,11,3,4,3,3,3,3,3,2,4,4,4,4,4,2,0,12,4
1852,4,11,3,2,2,2,2,1,2,1,3,1,4,1,2,2,1,6,3
1944,4,16,1,3,2,3,2,2,2,2,3,2,2,4,4,2,2,6,8
1500,4,13,1,3,2,2,2,1,1,2,1,1,1,2,2,1,0,12,7
1323,4,16,1,4,2,3,2,1,2,3,3,1,2,4,4,4,0,12,7
608,2,18,3,4,4,4,3,1,1,3,1,1,5,5,5,2,0,12,7
1886,4,-99,3,3,2,5,2,1,1,1,2,2,4,4,4,1,0,12,5
147,4,16,4,5,5,3,5,1,1,1,1,1,2,1,4,1,0,12,8
1850,4,36,1,2,2,3,3,1,1,1,1,1,4,4,4,2,0,12,8
1493,4,6,96,3,2,2,3,2,1,2,2,2,1,1,2,2,0,8,7
708,4,20,3,2,2,2,2,3,3,2,3,2,4,4,4,4,1,1,7
1501,4,6,4,4,4,3,3,3,2,1,1,1,4,4,4,4,2,1,8
936,4,11,3,4,2,4,3,2,2,3,3,2,2,2,2,2,0,12,7
266,2,13,1,4,4,4,4,1,1,1,1,1,2,2,2,2,0,12,5
2036,5,96,11,2,1,1,1,1,1,1,1,1,4,4,5,2,0,12,4
988,2,96,4,2,2,3,3,2,2,1,3,3,2,5,5,4,1,6,8
159,2,1,1,3,3,2,2,1,1,2,1,1,2,4,2,1,0,12,3
519,2,12,1,4,4,4,3,3,2,3,3,2,4,4,4,2,1,6,3
636,2,20,4,4,2,3,2,4,3,2,3,1,2,4,4,4,0,12,7
1475,4,1,-98,1,1,1,1,1,1,1,1,1,5,5,5,5,1,6,6
2016,2,-98,1,3,3,3,3,2,1,1,2,1,2,4,4,1,1,6,6
2152,1,37,11,2,2,2,2,1,1,1,1,1,2,2,2,1,1,1,6
602,2,11,1,4,2,3,4,1,1,2,2,2,2,2,4,2,2,6,5
1125,1,96,3,1,3,2,3,1,2,2,1,1,5,4,4,5,-1,-1,5
1028,4,20,3,3,2,3,3,4,2,4,4,2,4,4,5,4,-1,-1,8
35,4,11,4,2,1,2,2,2,2,2,3,1,4,4,4,5,1,6,2
987,2,16,1,3,5,3,4,2,2,2,2,2,4,4,4,2,0,12,8
2232,4,1,1,4,4,3,4,2,2,2,1,2,2,4,4,4,-1,-1,8
561,2,13,1,4,4,4,4,3,3,4,2,3,2,5,2,2,-1,-1,5
1924,5,16,96,5,4,2,2,2,1,2,2,1,4,4,4,5,-1,-1,8
1796,2,16,4,5,2,2,2,2,2,2,3,2,4,4,4,2,0,12,7
734,4,16,4,2,2,2,2,2,2,2,2,2,4,4,4,4,1,6,6
336,2,16,1,5,5,2,3,1,1,2,2,2,2,4,4,4,0,12,3
566,4,-99,3,4,4,2,1,1,1,3,1,1,1,1,1,1,0,12,6
1340,4,13,4,1,2,2,2,1,1,2,2,1,2,2,2,2,0,12,6
1130,5,11,96,5,5,2,2,2,2,3,4,3,5,4,4,5,-1,-1,3
1053,4,13,1,5,5,3,2,2,1,1,2,1,4,2,4,1,-1,-1,8
596,2,16,1,3,5,4,3,2,1,1,2,2,2,4,2,2,1,1,7
700,2,1,1,4,2,2,3,3,3,3,2,3,2,4,2,2,0,12,6
1473,5,11,4,3,1,3,1,3,1,1,3,3,2,4,4,1,0,12,4
569,2,19,1,4,2,4,3,2,2,2,2,2,4,2,4,4,0,12,7
665,2,7,96,2,1,1,1,1,1,1,1,1,1,2,2,1,0,8,5
1775,4,36,1,3,3,2,3,2,2,2,2,2,2,2,4,4,2,6,6
1794,4,4,3,3,4,2,2,3,2,2,2,2,2,5,2,2,1,6,6
1088,4,16,3,4,-98,3,-98,1,1,1,1,1,4,5,5,1,0,12,8
1406,1,1,3,5,5,1,1,1,1,1,2,1,4,4,5,2,1,6,4
1127,5,1,1,5,5,4,4,3,2,3,2,1,5,4,5,5,-1,-1,7
1363,4,11,3,-98,1,-98,2,-98,1,1,2,2,5,5,5,-98,-1,-1,7
474,4,13,11,2,1,2,1,2,2,1,1,2,2,5,5,2,0,12,7
30,2,30,4,2,2,1,2,2,2,2,2,1,4,4,4,1,-1,-1,6
1593,2,5,2,3,4,4,4,1,2,2,2,2,1,2,2,2,1,6,6
148,4,11,3,1,1,1,1,1,1,1,2,1,2,4,5,1,1,6,8
1511,2,1,3,5,5,4,4,1,1,2,1,2,2,2,5,1,-1,-1,7
818,4,4,97,4,3,2,4,1,1,1,1,1,2,4,2,2,0,12,6
2259,4,5,1,3,3,3,3,2,3,3,3,2,4,4,4,4,2,1,8
1317,2,1,1,4,4,3,3,1,1,1,1,1,1,2,4,2,0,12,7
207,4,13,-98,1,1,1,1,1,1,1,1,1,1,2,1,1,2,6,3
1066,1,1,96,3,5,3,4,1,1,1,1,1,5,5,5,1,-1,-1,6
1518,2,13,1,3,4,4,4,2,2,2,2,2,4,4,4,5,-1,-1,8
1828,4,16,-99,3,1,1,1,1,1,1,1,1,5,5,5,1,2,6,4
1176,4,36,4,4,2,4,3,2,2,4,4,1,5,5,4,4,0,12,3
405,2,11,3,2,2,3,2,2,2,4,4,3,4,4,4,2,1,1,1
2177,4,16,3,4,4,5,4,2,2,2,2,2,2,2,2,2,1,6,6
1135,1,17,1,5,5,5,5,1,1,1,1,1,5,5,5,5,-1,-1,7
309,5,11,4,2,2,2,2,1,2,1,3,1,4,1,2,4,0,12,8
216,2,1,3,4,5,4,3,4,4,4,4,4,1,2,2,1,0,12,6
288,4,12,3,2,1,2,2,1,2,2,1,2,4,4,4,4,-1,-1,6
1815,2,96,3,5,5,2,2,3,3,3,2,2,2,4,4,4,2,6,7
1539,4,36,1,5,5,5,5,1,1,1,1,1,2,5,4,1,0,12,8
960,4,13,95,2,2,1,1,1,1,1,1,1,1,4,2,1,2,6,6
1032,2,1,3,2,-98,4,1,2,4,2,4,2,4,5,4,5,-1,-1,7
884,2,13,-98,2,2,2,3,1,1,1,1,1,4,4,4,1,0,12,6
1278,3,16,24,2,2,4,2,1,1,3,4,3,2,2,2,4,0,12,3
2436,1,-98,3,3,3,2,3,1,1,1,1,3,2,4,4,4,1,6,4
1602,4,36,2,2,2,2,2,2,2,3,2,2,4,5,4,4,2,6,7
59,5,11,3,2,2,2,2,3,2,2,3,1,4,5,4,2,2,1,8
1047,2,13,1,5,5,2,1,1,1,1,1,1,4,5,5,-99,-1,-1,8
1780,4,19,-98,1,1,1,2,1,1,1,1,1,2,2,2,1,0,12,4
1264,4,13,3,1,1,2,2,1,1,1,1,1,4,5,4,1,1,1,6
1547,2,20,3,3,3,3,4,2,3,2,2,2,2,2,2,4,0,12,7
1829,4,20,3,3,2,2,2,2,1,2,2,1,2,4,4,1,0,12,8
1679,2,13,1,-98,2,4,2,3,1,2,4,2,5,4,4,5,-1,-1,8
1509,5,20,2,3,4,4,3,3,1,3,3,3,5,5,4,4,2,6,7
1046,5,20,-98,4,4,3,2,1,1,1,1,1,1,2,2,2,-1,-1,4
2125,2,11,1,4,3,2,4,2,2,3,4,3,2,4,4,4,0,12,6
1059,2,-98,3,4,4,4,4,3,3,3,3,3,5,5,5,5,-1,-1,5
502,4,20,1,5,5,4,4,2,1,2,3,2,5,5,5,5,-1,-1,8
1307,2,13,1,4,2,2,2,1,1,2,1,1,1,1,1,2,2,6,4
647,4,19,1,3,3,2,2,3,2,4,4,3,4,4,4,4,0,8,8
1328,4,16,1,1,1,1,1,1,1,1,1,1,2,5,4,1,0,12,7
505,2,26,1,4,3,3,4,1,1,4,3,3,2,2,4,1,-1,-1,8
2337,2,4,3,1,1,1,1,1,1,1,2,1,2,1,2,1,1,1,1
1325,2,11,3,3,2,3,3,2,2,3,3,2,2,4,4,4,0,12,3
1585,2,16,1,5,4,4,2,2,2,1,3,2,2,2,2,1,2,6,8
1049,4,13,3,4,4,2,3,3,2,1,2,1,4,4,2,2,-1,-1,6
1867,4,11,3,2,1,1,3,3,2,3,4,2,1,4,4,2,1,6,3
25,1,1,1,5,3,5,5,4,3,3,4,3,4,5,4,4,-1,-1,6
5,2,1,1,4,4,4,4,2,2,2,2,2,4,4,4,5,-1,-1,8
191,4,16,4,1,1,1,1,2,3,2,3,2,4,5,4,2,1,1,1
362,4,16,-98,2,2,3,2,2,2,2,2,2,2,2,4,2,1,6,4
294,4,5,-98,4,5,5,5,1,1,1,1,1,2,1,2,1,0,12,6
2535,1,20,1,1,1,3,5,2,1,1,1,1,2,4,5,4,2,1,6
1692,2,1,3,3,2,3,2,2,2,2,2,2,4,4,4,2,1,1,4
1051,4,16,1,5,5,2,1,2,1,3,2,1,5,5,5,4,-1,-1,8
23,4,16,-98,2,2,2,1,1,1,1,1,1,4,2,5,1,-1,-1,6
1614,4,11,3,4,2,4,4,2,1,2,3,2,1,2,2,4,0,8,7
752,1,-98,1,3,3,4,4,2,1,3,1,1,4,5,4,1,0,8,6
1816,5,29,15,4,1,2,3,1,2,1,1,1,2,4,4,4,1,6,5
1011,2,11,3,5,2,3,5,2,2,1,2,1,2,4,2,4,-1,-1,8
1188,4,20,4,4,4,2,4,2,2,2,3,2,2,2,2,2,1,1,6
2045,2,4,1,2,2,4,2,2,2,3,2,2,2,4,4,2,1,6,3
1005,4,11,3,2,2,3,2,2,2,2,2,2,4,4,4,1,2,6,8
1661,2,20,1,2,2,2,2,1,4,1,2,1,4,4,4,4,-1,-1,8
1438,2,37,3,3,3,3,3,3,3,3,4,3,4,4,4,4,1,1,8
875,4,13,-98,2,2,1,1,2,1,1,1,1,2,2,4,1,0,8,7
1301,4,1,5,2,2,3,1,2,3,3,3,2,2,4,2,2,0,12,3
1881,2,16,3,3,3,4,3,3,3,4,3,3,1,2,2,2,0,12,5
372,4,13,1,4,3,4,4,2,4,2,3,1,1,2,2,1,0,12,7
1637,1,29,1,2,1,2,5,1,1,1,1,1,1,1,1,1,1,6,8
666,2,11,1,2,2,3,3,3,3,3,3,3,2,4,2,2,1,6,8
15,4,20,5,-98,1,1,1,1,2,1,2,1,4,4,4,5,-1,-1,8
501,4,27,3,5,3,3,3,3,3,1,4,4,2,5,1,2,-1,-1,6
592,2,1,1,3,3,3,3,2,2,2,2,2,2,2,2,2,0,12,8
2236,4,-98,3,3,3,3,3,2,2,2,2,2,4,4,2,2,1,6,6
1603,2,17,1,2,2,2,2,1,1,1,1,1,4,4,4,1,2,6,6
2386,2,-99,-98,2,2,4,2,2,2,3,3,1,2,4,4,4,0,8,8
1298,2,20,3,3,3,3,3,2,2,2,2,2,1,2,2,2,2,6,8
1494,4,16,-98,1,1,1,1,1,1,2,1,1,2,2,2,1,0,12,6
27,2,17,-98,4,2,3,3,3,2,1,2,2,4,4,4,4,-1,-1,7
1356,2,1,3,2,2,5,5,1,2,3,3,2,5,5,4,4,0,12,6
904,4,16,1,4,4,4,4,1,1,2,2,1,2,4,2,4,0,12,7
1622,4,11,-98,2,2,2,2,2,2,2,2,2,4,4,2,2,0,12,6
1734,4,36,-99,4,4,1,1,4,1,4,4,2,2,2,2,5,-1,-1,7
388,4,13,3,3,3,3,3,1,1,1,1,1,4,4,4,2,2,6,8
937,4,1,3,2,3,3,3,2,2,2,2,2,4,4,4,2,0,12,8
152,2,1,4,2,2,1,1,2,2,1,2,1,2,1,4,2,0,12,5
1698,4,17,-98,3,3,3,3,1,1,1,1,1,4,4,4,2,0,12,4
126,4,16,5,2,1,2,1,2,1,2,1,1,4,4,4,1,0,12,7
357,2,16,-98,5,1,3,1,1,1,1,1,1,4,4,4,1,0,8,2
693,4,1,-98,3,1,1,1,2,1,1,1,1,1,4,4,1,2,6,6
1931,2,34,4,2,1,3,2,1,1,1,2,1,4,4,2,1,0,12,5
416,2,-98,-98,3,3,4,4,3,3,4,3,3,1,4,2,4,1,1,5
467,4,16,5,2,2,2,2,1,1,1,1,1,2,4,2,1,2,6,7
365,4,19,1,3,2,2,5,2,2,2,2,1,4,4,4,2,1,6,5
1917,4,-98,1,4,4,2,2,1,1,1,1,1,1,2,2,2,2,6,8
68,4,36,96,5,2,1,2,2,2,1,2,1,1,4,5,4,-1,-1,8
579,2,16,3,2,2,2,2,2,2,3,2,2,4,4,4,2,2,6,8
1962,5,11,4,2,2,3,2,1,1,1,1,1,1,4,2,1,0,8,5
1618,4,16,1,3,2,4,4,2,1,4,3,2,4,4,4,1,1,6,7
134,2,11,3,5,4,3,5,2,1,2,2,1,2,4,4,2,0,12,3
247,2,17,1,5,5,4,4,1,1,2,1,1,5,5,5,1,2,6,8
812,2,36,1,4,4,3,3,1,1,1,2,2,4,4,4,1,2,6,8
1159,4,16,4,3,4,3,1,3,3,3,4,2,2,4,4,4,0,8,4
2406,2,11,3,1,1,3,2,1,1,2,3,1,4,4,5,1,1,6,4
385,2,1,3,3,4,3,3,1,1,2,3,1,1,4,4,1,1,1,7
2440,2,11,1,3,3,3,3,3,3,3,3,3,2,2,2,2,1,6,1
206,2,11,3,1,2,2,3,1,1,2,2,2,5,4,2,4,1,6,4
1610,2,1,3,1,1,5,1,1,2,1,1,1,4,5,2,1,1,6,1
1940,5,19,3,3,3,2,2,2,3,2,4,1,4,4,4,5,-1,-1,8
1925,2,1,3,3,3,4,2,3,1,3,2,2,2,4,2,4,0,12,7
1217,4,4,3,2,2,2,2,2,2,2,1,1,2,2,2,4,0,12,5
1286,5,13,11,1,1,1,1,1,1,1,1,1,5,5,5,1,0,12,7
2284,2,1,3,4,2,4,4,2,2,4,2,2,4,4,4,4,-1,-1,8
1142,2,17,97,4,2,3,3,3,2,3,3,2,2,4,5,5,0,12,7
2482,2,1,1,4,2,3,2,3,3,3,3,3,2,4,2,4,0,12,4
1523,2,11,6,3,2,4,3,3,3,4,4,3,4,4,4,4,0,8,4
771,4,-98,-98,3,4,4,4,2,2,2,2,2,2,4,4,2,1,1,6
1627,4,20,4,4,2,2,2,1,2,1,3,1,2,2,4,2,0,12,6
17,2,20,1,2,2,3,2,2,2,2,3,2,5,5,5,5,-1,-1,5
1987,4,19,-98,2,2,2,2,2,1,2,2,1,1,1,2,1,1,1,6
1212,4,29,1,5,5,4,5,1,1,2,2,1,1,4,1,1,0,12,7
858,4,13,1,4,4,4,3,3,3,3,2,2,2,2,2,4,1,6,7
436,4,16,11,1,1,1,1,2,2,2,2,2,2,2,2,1,1,6,5
933,2,34,11,4,3,4,4,4,3,4,4,3,5,5,5,1,0,12,7
1348,4,1,1,3,4,3,3,3,2,4,3,3,2,4,5,2,2,6,8
838,2,11,4,2,3,4,3,3,1,4,2,1,2,4,5,4,0,8,8
1270,4,1,1,4,3,4,3,1,2,1,1,1,2,4,4,2,0,12,6
1334,4,32,95,4,2,2,3,2,2,2,3,1,4,4,4,2,0,12,7
1267,-98,-98,6,4,2,4,4,3,2,4,-98,-98,4,5,5,4,0,12,8
1964,2,19,1,2,4,2,5,1,1,1,1,1,4,4,4,2,0,8,7
2012,1,29,-99,3,2,3,3,1,4,3,2,2,4,4,4,4,2,6,8
972,4,16,3,5,4,3,2,2,2,2,2,2,2,2,2,2,2,6,6
722,2,-99,1,4,3,3,4,2,2,2,2,3,2,4,4,4,1,6,4
2109,2,19,-98,4,2,2,2,2,2,2,3,2,2,4,4,2,1,6,8
414,2,1,3,3,2,3,3,2,2,2,2,3,4,4,4,2,2,6,1
480,2,1,5,4,3,3,5,1,2,2,2,2,2,2,2,2,1,6,3
2369,2,16,3,3,2,3,3,2,2,1,2,2,4,4,4,2,-1,-1,3
1395,2,16,3,4,4,3,2,3,2,4,3,3,2,4,2,2,2,6,4
1396,1,36,16,3,1,4,3,3,2,1,1,3,4,3,5,1,-1,-1,8
622,1,11,4,3,3,5,4,1,3,1,3,1,2,4,4,2,2,6,6
2280,4,16,3,1,1,1,1,1,1,1,1,1,4,4,4,2,2,6,8
412,4,-98,1,5,3,3,5,1,1,1,2,1,5,5,5,2,2,6,6
677,2,13,1,4,5,3,3,1,1,2,2,1,4,4,4,2,0,12,5
1586,2,20,1,2,3,4,4,2,1,4,3,4,4,4,2,4,1,6,4
1077,2,6,3,3,3,2,1,1,2,1,2,-98,2,4,2,5,-1,-1,8
603,2,13,-98,-98,-98,3,3,2,2,-98,2,2,2,2,3,4,0,8,8
1562,4,6,10,2,2,3,4,2,2,2,2,2,2,4,2,1,0,8,7
533,2,13,1,5,1,4,4,1,1,1,1,1,4,4,4,5,-1,-1,6
1675,2,11,3,5,5,4,5,4,4,3,4,2,5,5,4,2,1,6,2
220,4,16,3,2,3,4,2,1,1,2,2,2,4,4,4,2,0,8,7
282,2,16,1,3,2,3,2,2,3,3,4,3,2,4,2,2,0,12,4
240,4,13,1,3,3,3,4,4,4,4,4,4,5,5,5,5,2,6,5
1394,2,33,1,3,3,4,3,2,2,3,1,2,2,4,5,2,0,12,8
1071,4,11,3,5,4,4,4,2,1,3,4,1,4,5,2,1,-1,-1,4
19,2,16,1,2,2,3,2,1,2,2,1,1,2,2,5,1,-1,-1,8
1482,2,11,3,3,3,4,3,4,4,4,4,4,5,4,4,4,1,1,5
829,2,1,2,4,3,3,3,1,1,1,1,1,2,4,4,4,0,8,6
355,5,13,96,5,5,5,5,1,1,1,1,1,4,4,2,1,0,12,5
1073,4,17,5,1,1,1,1,1,1,1,3,2,5,5,5,1,-1,-1,5
1111,4,35,6,4,2,3,5,2,1,2,3,2,2,5,5,1,2,6,8
2293,4,16,3,2,2,2,1,1,1,1,1,1,2,5,5,2,2,6,6
244,2,6,-98,3,4,4,4,3,3,3,3,3,2,2,2,2,0,12,3
928,4,29,6,2,2,2,3,2,2,3,2,2,4,4,4,4,0,12,6
691,4,11,3,2,1,2,2,1,1,1,1,1,2,2,4,1,2,6,8
162,2,4,3,2,2,4,4,2,1,1,2,1,4,4,4,2,0,11,8
2316,1,1,6,3,5,3,4,3,2,3,3,3,4,1,4,2,2,6,5
751,2,31,2,3,3,3,3,3,3,2,2,2,4,4,4,2,0,12,4
20,4,16,4,3,3,4,1,1,1,1,2,2,5,4,5,1,-1,-1,8
1672,2,6,6,4,-98,4,4,2,3,4,4,2,5,5,5,1,-1,-1,7
393,4,16,11,5,1,4,3,1,1,3,2,1,5,5,5,1,0,12,3
1383,4,16,1,4,3,4,3,1,1,1,2,1,2,1,2,1,1,6,8
43,2,37,3,1,1,3,2,2,2,2,3,1,2,4,2,2,1,6,2
902,4,13,6,1,1,1,1,1,1,1,1,1,2,1,1,1,0,12,3
60,4,13,16,2,3,2,2,1,1,2,1,1,2,2,2,1,1,1,6
806,5,20,5,3,2,3,5,3,3,3,3,4,5,5,5,5,0,12,6
1536,2,34,6,4,4,4,4,2,2,2,2,2,1,1,4,1,0,12,8
1078,1,19,1,4,5,4,5,3,1,3,3,2,4,4,4,4,-1,-1,8
1932,4,13,11,2,2,3,3,2,2,3,3,3,4,4,4,2,1,6,6
1892,2,16,4,2,2,2,1,2,2,2,2,1,4,2,4,2,0,12,5
698,4,16,3,4,4,4,4,2,3,3,2,3,1,4,1,2,0,12,1
38,5,13,3,2,2,1,2,1,1,1,2,1,1,1,1,1,1,1,5
852,1,16,3,5,1,2,1,1,1,1,1,1,5,5,5,5,0,12,7
670,2,-98,6,2,2,2,2,2,2,2,2,3,4,2,2,2,1,1,3
897,5,16,3,1,1,1,1,1,1,1,2,1,4,4,4,2,0,12,7
2558,2,30,6,3,2,3,3,3,2,2,3,2,2,2,4,2,2,6,8
1426,2,36,3,3,5,2,5,2,1,2,2,2,1,2,2,2,0,12,8
1285,4,16,96,2,2,3,2,3,2,3,2,2,2,2,4,4,0,12,6
1443,2,28,-99,3,3,3,3,3,3,3,3,2,2,5,4,4,0,12,6
1628,5,4,11,1,3,3,1,2,1,2,3,3,2,2,2,2,0,12,3
1374,2,1,3,1,1,2,2,1,2,1,3,1,2,4,4,2,0,8,5
507,1,11,3,2,1,1,1,1,1,1,1,1,5,5,5,2,0,12,8
958,4,11,4,4,2,2,2,2,1,3,4,3,1,2,4,2,0,12,8
1044,2,1,-99,4,2,2,2,1,1,1,1,1,1,5,2,1,0,12,8
1181,2,-98,3,5,3,4,3,2,2,2,3,2,2,2,2,2,0,12,8
338,4,19,3,2,2,2,3,3,2,3,3,1,2,2,2,2,0,8,5
1442,2,1,1,5,4,2,3,2,1,1,2,2,4,4,2,2,2,6,5
2532,2,1,1,1,1,1,2,1,3,1,2,1,4,4,4,5,-1,-1,7
826,4,11,4,3,1,1,5,2,2,1,3,2,2,4,4,4,0,12,5
687,2,13,1,3,2,3,2,1,1,2,2,2,5,5,4,2,0,12,6
125,2,20,1,4,4,4,4,3,4,4,4,4,2,2,1,4,1,6,7
1963,4,1,6,3,1,2,2,2,1,2,2,1,2,2,2,2,0,12,7
2265,2,35,1,3,3,4,3,4,4,4,4,4,5,5,5,5,2,6,7
1960,2,16,6,2,1,3,3,1,1,2,1,1,4,4,4,2,0,12,8
1349,4,11,3,1,1,2,4,3,1,2,1,1,1,4,2,1,0,8,8
1435,2,1,3,5,5,4,4,2,2,2,2,2,2,2,2,4,0,8,5
2499,2,16,6,1,1,1,1,1,1,1,1,1,1,1,4,1,0,8,7
1400,2,11,3,1,1,1,1,1,2,1,1,1,2,2,4,1,1,1,7
1036,2,36,3,2,2,1,1,2,3,2,2,1,2,2,4,2,1,1,6
2222,4,13,3,2,2,3,3,1,1,1,2,2,4,4,4,2,0,12,6
995,2,16,3,3,3,3,2,3,2,3,3,2,4,4,4,4,1,6,7
1673,4,16,4,3,3,4,4,2,1,4,2,2,2,2,2,2,0,12,8
1711,2,5,-98,3,3,3,3,3,2,3,3,2,4,5,4,2,2,6,8
238,4,16,3,3,2,2,1,2,1,1,2,2,4,4,5,2,0,12,8
1583,2,33,3,5,3,2,2,1,1,2,1,1,2,2,2,1,0,8,3
345,2,16,3,3,3,4,3,3,2,2,3,2,2,4,4,4,0,12,7
2574,2,16,4,3,2,3,3,2,1,3,2,2,2,4,4,2,2,6,8
232,2,1,3,5,5,3,4,2,1,1,2,2,2,2,4,2,0,12,6
419,2,-99,1,2,3,2,3,1,2,2,2,2,4,5,4,2,0,12,8
760,4,11,4,1,1,2,2,1,1,1,2,1,2,4,5,1,1,1,8
1369,2,2,3,2,1,3,3,3,3,4,3,3,1,4,2,4,1,6,3
630,4,11,5,3,4,4,2,3,3,2,2,2,4,4,4,2,1,1,3
765,1,29,1,3,3,3,3,2,2,2,2,2,2,2,2,4,2,6,5
1020,2,8,3,2,1,2,2,1,1,1,1,1,4,5,5,1,0,12,8
50,2,1,4,4,4,3,4,2,2,2,2,2,2,4,4,2,1,1,4
1197,4,16,1,3,4,3,3,2,1,2,2,3,2,2,2,2,2,6,7
22,2,1,3,4,4,3,3,2,2,3,4,3,4,4,4,2,-1,-1,6
983,4,1,11,2,1,1,2,1,2,2,4,1,2,2,2,2,0,12,5
1022,4,1,3,4,2,2,2,2,3,3,3,1,2,4,4,5,-1,-1,8
866,1,-98,3,3,3,3,3,2,2,2,2,2,1,4,4,2,0,12,8
642,4,19,1,3,4,2,1,2,2,2,2,1,2,4,4,1,1,6,8
461,4,13,5,3,3,3,3,3,3,3,2,1,2,4,2,2,2,6,3
13,2,11,3,1,1,1,1,1,1,1,1,1,2,4,4,5,-1,-1,7
1050,2,1,16,2,1,4,4,2,2,3,4,1,4,4,4,-99,-1,-1,8
924,2,16,3,2,2,3,3,1,3,3,2,1,4,4,4,2,1,6,4
997,2,1,1,3,3,3,3,1,1,2,1,1,5,5,4,2,2,1,8
1365,4,11,4,3,2,3,2,2,1,2,3,2,1,4,2,4,0,12,8
746,2,11,24,4,4,4,3,3,3,3,3,3,2,2,4,2,0,12,7
1,2,2,1,2,2,3,3,2,3,-98,1,2,4,4,5,-98,-1,-1,8
681,2,16,-98,3,2,2,2,2,1,2,2,1,2,4,4,2,2,6,8
1222,2,5,3,-98,-98,-98,-98,3,3,2,-98,2,2,-98,-98,1,0,12,8
628,4,20,97,4,4,3,1,1,1,1,2,2,4,4,4,2,0,12,5
1440,2,1,-99,3,2,3,3,2,2,2,2,2,4,4,4,4,0,8,4
45,2,16,1,4,2,4,3,3,2,2,3,2,2,5,2,2,1,6,6
168,2,28,1,4,3,3,3,4,2,3,3,3,5,5,5,5,0,12,8
748,2,11,5,2,2,3,1,1,1,1,1,1,4,4,4,1,0,12,7
1358,1,1,95,5,4,4,4,3,2,3,2,1,1,1,2,2,-1,-1,8
439,2,18,3,3,3,4,3,3,3,3,3,3,4,4,4,4,1,6,1
1096,2,1,4,5,4,4,4,3,4,3,3,3,4,4,4,4,-1,-1,6
2121,2,16,1,3,2,4,4,3,3,3,3,2,2,4,2,4,0,8,6
46,4,5,97,2,3,1,1,2,2,2,2,1,4,5,4,5,-1,-1,8
524,2,13,1,4,5,4,4,3,3,4,3,3,5,5,5,5,0,12,7
1693,4,6,1,1,1,2,2,1,1,1,2,2,2,4,4,4,0,12,6
155,2,1,97,3,3,3,3,2,2,2,2,2,4,4,4,2,0,12,7
1393,2,33,1,2,1,2,3,1,1,1,3,3,2,1,2,2,0,12,8
2270,4,13,3,2,2,2,2,2,2,3,3,2,4,4,2,1,0,12,5
1262,2,11,96,3,2,3,3,2,1,3,4,3,1,1,2,2,0,12,8
223,2,8,1,3,4,4,4,3,2,2,3,3,2,4,2,2,1,6,4
754,4,16,4,2,1,2,1,2,1,2,3,2,1,4,4,1,2,1,7
2550,4,16,4,3,2,3,1,1,1,3,4,3,2,2,2,1,0,12,3
682,2,1,-98,4,5,3,3,1,1,2,2,2,4,5,5,2,2,6,8
1031,2,11,24,2,2,2,1,2,1,1,2,2,4,4,4,1,-1,-1,8
1030,2,34,1,3,3,4,4,3,3,4,3,2,4,2,2,4,-1,-1,7
680,2,11,1,4,4,3,4,3,2,3,3,3,4,4,5,2,2,6,7
1039,4,16,-98,5,4,1,1,1,1,1,1,1,4,4,4,5,-1,-1,8
925,2,96,1,3,3,3,3,2,3,2,2,3,5,5,5,1,0,12,7
2563,2,34,1,4,4,3,4,1,1,3,2,3,2,5,1,1,-1,-1,7
727,1,16,1,3,2,3,2,3,2,4,3,2,4,4,5,2,2,6,6
1617,2,19,8,5,5,5,5,2,3,4,2,2,5,5,5,5,0,12,5
1375,4,1,-98,2,2,2,3,3,3,4,3,3,2,4,4,4,0,12,6
111,4,11,5,2,2,2,1,1,1,2,3,3,2,2,2,4,0,12,3
330,2,16,1,2,2,4,2,2,1,2,1,1,4,4,4,2,2,6,8
903,2,11,4,4,4,4,4,3,3,4,3,2,5,4,5,2,0,12,4
711,2,16,1,4,3,4,3,2,2,2,2,3,4,4,4,2,0,12,8
1936,1,17,1,5,5,3,3,3,3,3,3,2,4,4,4,5,-1,-1,8
518,2,13,1,3,4,3,3,1,2,2,2,1,4,4,2,2,0,12,3
2321,4,14,1,4,4,3,3,2,2,3,3,2,1,2,2,2,0,12,8
741,2,1,3,2,2,1,2,1,1,1,2,1,1,1,2,1,0,12,5
2513,4,11,4,3,1,1,1,1,1,1,2,1,2,5,4,1,1,6,6
503,4,13,-98,1,1,1,1,1,1,1,1,1,1,4,1,1,2,6,8
1361,2,35,3,4,4,3,3,3,3,4,3,3,2,2,2,2,2,6,8
702,4,36,11,3,2,1,3,2,2,2,2,2,4,4,4,2,0,12,5
597,4,36,1,5,5,1,1,1,1,1,1,1,2,2,2,2,-1,-1,8
1412,2,16,1,5,4,3,3,1,1,2,2,1,2,4,4,4,-1,-1,8
1231,2,-98,1,3,2,3,3,3,2,3,3,3,5,5,5,1,0,12,8
1419,4,11,8,5,4,3,3,1,1,1,1,2,5,5,4,-98,-1,-1,8
1832,2,16,1,3,3,3,3,3,1,3,3,3,2,2,2,4,1,6,5
1359,2,16,1,5,1,2,3,3,2,3,3,1,2,5,4,1,0,12,8
1683,4,1,3,5,5,5,5,1,1,1,1,1,1,1,1,2,-1,-1,5
453,5,11,3,5,4,4,3,2,1,2,3,1,1,1,4,2,1,13,5
729,2,1,3,2,2,4,3,2,1,3,2,1,1,5,4,4,0,12,5
1332,4,16,1,5,3,4,4,1,2,2,1,1,4,4,4,2,2,6,7
567,2,11,1,3,3,4,4,3,2,3,3,2,4,4,4,2,0,12,8
1800,2,4,1,4,4,4,3,3,3,4,4,3,4,4,4,4,1,1,3
375,2,1,1,5,5,3,5,1,2,1,1,2,4,4,4,2,2,6,8
1342,2,30,3,3,3,4,4,3,3,3,4,2,4,4,4,2,0,12,8
600,4,16,15,1,1,1,1,1,1,1,1,1,2,4,5,1,0,12,7
442,4,30,3,3,3,3,2,3,3,3,3,3,4,4,4,2,1,1,6
1101,2,30,1,2,2,3,2,1,2,2,2,1,4,4,4,1,1,6,6
1145,2,1,4,3,2,1,2,1,1,1,1,1,4,4,4,4,-1,-1,6
809,2,32,4,5,1,3,5,1,1,2,3,1,1,2,1,2,0,12,5
41,2,13,3,4,4,4,4,2,2,1,2,2,2,4,4,2,1,1,3
588,1,36,1,5,5,5,2,2,1,4,2,1,5,5,5,1,-1,-1,8
1701,2,8,4,2,2,2,2,2,2,2,3,2,5,5,5,4,1,6,4
1802,2,19,4,3,2,3,2,2,1,3,3,2,2,2,4,4,0,8,7
686,4,19,3,2,2,2,2,2,2,3,3,2,2,2,4,4,0,12,7
701,1,11,4,4,2,4,2,2,2,3,2,2,5,5,4,5,-1,-1,8
1221,4,16,2,1,5,1,3,1,1,1,1,1,2,4,4,1,0,12,7
1705,2,1,3,3,2,4,4,2,2,3,3,3,2,4,4,4,0,12,4
1263,2,17,4,2,2,2,2,1,1,1,1,1,5,4,2,1,2,6,8
1694,2,19,3,2,2,3,3,2,2,3,3,1,5,5,4,4,-1,-1,7
1499,1,13,1,5,3,4,4,3,3,3,3,3,4,4,4,1,2,6,8
1120,2,16,1,2,2,3,2,1,1,2,2,1,1,1,2,1,2,6,7
1623,2,35,1,3,4,2,2,2,1,2,3,2,4,4,4,2,1,1,5
1143,4,17,3,4,2,2,2,1,1,1,2,1,2,4,4,1,-1,-1,8
1451,4,1,1,5,4,3,4,4,3,4,4,3,2,4,5,2,-1,-1,6
1268,4,11,5,4,3,4,4,1,1,3,3,1,2,4,4,1,2,6,4
284,2,96,1,5,3,4,5,1,1,1,1,1,1,2,2,1,0,12,8
1434,1,5,2,2,1,2,2,1,1,1,2,1,4,4,2,1,-1,-1,7
715,2,1,3,5,5,4,5,1,1,1,3,1,4,5,4,4,-1,-1,7
200,2,30,1,4,4,4,4,1,1,2,3,3,2,4,2,2,0,12,7
1183,5,13,6,4,5,1,1,1,2,2,1,1,5,5,5,5,-1,-1,8
1989,2,13,1,3,3,3,3,3,3,3,3,2,2,4,4,2,0,12,8
455,2,36,1,3,2,2,3,2,2,2,2,2,5,5,5,5,1,1,7
869,2,13,2,4,5,5,4,1,1,2,1,1,2,4,5,1,0,12,8
2503,2,-98,-98,4,4,4,5,3,2,3,4,3,4,5,4,4,1,1,4
1446,4,11,3,3,2,2,1,2,2,2,3,2,2,2,4,4,0,12,6
40,5,35,3,3,2,3,2,2,2,2,2,2,2,2,2,2,1,6,4
857,1,13,11,3,3,2,2,1,1,1,2,1,4,4,2,1,0,12,8
1335,2,13,4,2,3,1,1,1,1,1,3,2,1,2,2,2,0,12,3
2198,2,28,3,3,3,3,3,3,3,3,3,3,4,4,2,2,1,6,4
870,2,16,1,4,4,4,4,2,1,2,2,1,2,4,2,1,0,12,7
237,1,6,1,2,1,1,1,1,1,1,1,1,1,1,5,1,1,1,3
1646,2,29,3,3,4,3,2,3,3,4,4,3,4,4,4,2,0,12,6
1223,4,32,3,1,2,3,1,2,2,2,2,2,4,4,4,4,0,12,3
1063,2,96,3,3,3,3,3,4,4,4,4,3,2,4,4,4,0,12,6
1662,2,96,1,5,4,4,5,1,2,2,4,1,4,4,4,1,2,6,8
1506,2,-98,4,3,3,4,3,4,2,4,2,2,4,1,-98,1,2,6,6
854,5,37,4,3,3,1,2,2,1,2,2,2,2,2,2,2,0,12,2
1241,2,16,1,1,2,4,1,2,1,2,2,2,1,4,2,1,2,6,7
319,4,13,1,2,1,3,2,4,4,4,4,4,1,1,1,1,0,12,3
2522,5,35,4,1,2,1,1,1,1,1,3,1,1,1,2,1,2,6,5
124,2,1,4,2,2,2,2,2,2,2,2,2,4,4,4,2,0,12,6
2297,2,16,1,2,2,2,2,2,1,1,1,1,2,2,2,1,0,12,5
1530,2,16,-98,4,4,3,3,2,2,2,3,1,1,4,4,2,0,12,4
638,2,13,1,3,4,2,2,2,4,1,3,1,4,5,4,2,1,1,5
1606,1,17,3,4,2,4,4,1,1,3,3,3,5,5,5,4,-1,-1,8
942,2,11,3,2,2,4,4,3,2,4,4,2,1,2,2,2,1,1,3
2249,2,13,97,2,2,2,2,2,2,2,2,2,4,4,5,2,-1,-1,8
551,2,14,5,4,4,4,4,3,4,3,4,3,2,2,2,4,1,6,3
160,2,-98,1,3,2,3,3,1,1,1,2,1,2,1,2,2,0,12,5
667,2,13,1,5,5,5,5,3,2,3,3,3,4,4,1,4,1,6,5
618,2,13,1,3,5,3,5,3,3,4,3,2,4,2,2,2,0,12,3
1308,2,20,3,4,2,4,4,3,2,2,3,3,2,4,4,2,0,12,6
1568,4,-98,1,2,1,5,2,3,1,2,3,1,5,1,4,5,-1,-1,7
2206,4,32,1,2,2,2,1,1,2,2,1,2,4,5,4,2,0,8,7
1112,2,1,1,3,3,3,4,3,2,3,4,3,1,2,1,2,1,1,3
1967,2,6,4,4,3,3,4,3,2,2,3,2,4,2,2,2,1,1,4
1842,4,11,96,3,5,4,4,2,1,3,2,1,2,4,4,1,2,6,8
228,4,1,3,1,1,1,1,1,1,1,1,1,5,5,5,1,1,6,6
58,2,1,3,3,5,4,4,1,1,1,1,2,1,1,2,2,1,6,5
739,2,16,4,3,4,4,4,3,2,3,3,2,4,4,4,2,2,6,4
1234,2,5,1,2,1,3,3,2,1,3,2,2,4,4,4,2,0,8,8
1736,1,-98,3,3,2,3,2,3,3,3,3,3,4,4,4,4,1,6,3
192,2,5,1,4,3,4,3,2,2,2,2,2,2,4,2,1,1,6,5
635,2,11,4,2,2,1,2,3,2,1,4,3,4,4,1,4,1,1,4
804,2,13,1,3,3,3,3,2,1,3,1,1,5,4,4,2,1,6,5
1527,1,-99,-99,3,3,3,3,3,2,2,4,3,4,4,4,4,1,6,6
1559,2,1,3,4,4,3,4,3,3,3,4,2,2,4,4,2,-1,-1,7
1083,4,13,1,5,4,5,4,3,3,2,3,3,4,4,4,4,-1,-1,8
1760,2,1,1,5,5,5,5,1,1,1,1,1,5,4,4,1,0,12,5
652,2,1,3,3,3,4,4,4,3,2,3,2,2,2,2,4,1,1,1
39,2,1,1,3,5,3,3,3,2,3,2,3,2,2,2,2,1,1,3
779,2,4,4,2,2,3,2,1,1,2,2,1,2,4,4,1,0,8,4
1561,4,19,1,3,3,3,3,3,3,3,3,3,4,4,4,2,0,12,8
1643,2,16,4,1,1,2,4,1,1,2,4,2,4,4,4,4,0,12,3
1793,4,11,4,2,2,4,4,3,3,4,4,3,5,5,5,2,0,12,1
389,2,35,1,3,3,1,3,2,2,2,2,2,2,2,2,2,0,12,3
657,2,11,95,2,2,4,1,2,1,2,2,1,1,5,4,1,2,6,6
489,1,11,1,4,4,4,4,4,3,4,4,3,2,2,2,2,1,6,4
1840,2,20,97,4,4,3,3,4,2,3,4,4,1,2,1,2,0,12,8
1735,1,8,1,1,5,1,1,1,2,2,1,2,1,1,1,1,1,1,1
1522,2,1,1,4,4,5,5,2,3,2,3,3,2,2,2,2,0,12,5
99,4,1,97,3,5,4,3,1,1,2,2,1,2,2,4,2,2,1,8
2004,2,96,4,3,2,3,4,1,1,1,1,1,5,5,4,4,0,12,6
1480,2,11,3,3,3,3,3,3,3,3,4,2,2,4,2,2,1,6,4
417,2,16,-99,4,4,4,2,3,2,3,4,1,4,4,4,4,0,12,4
2314,4,13,1,5,5,5,4,1,1,1,1,1,4,4,2,2,1,6,4
794,2,16,4,2,2,3,3,1,1,2,1,2,1,4,4,2,0,12,6
2520,4,6,4,2,2,2,2,3,2,2,3,2,2,2,2,1,0,12,6
49,4,4,1,3,3,4,4,2,2,4,3,2,2,4,2,4,1,1,5
575,4,11,3,2,4,4,4,2,2,3,4,2,2,4,4,2,1,6,6
1587,2,-98,1,3,3,4,1,3,2,4,2,2,4,2,2,1,1,6,2
415,2,13,1,3,3,3,3,3,3,1,3,2,2,4,4,4,0,12,6
2345,2,13,3,1,1,2,4,2,1,2,3,2,2,4,5,2,0,12,4
425,4,6,3,4,1,2,3,1,1,2,3,2,1,2,2,2,0,8,5
2247,2,4,3,1,1,1,1,3,3,3,3,3,4,4,4,2,0,12,3
251,2,1,4,3,3,3,3,3,3,3,3,2,4,4,4,2,0,12,6
331,4,35,3,2,2,3,4,2,1,2,2,1,1,2,2,1,1,1,3
1884,4,35,3,2,2,3,3,3,1,3,3,2,2,2,2,2,0,8,4
295,2,13,1,3,3,3,3,1,1,1,1,1,1,1,1,2,0,12,8
272,2,1,3,2,3,4,2,3,2,2,3,1,4,4,4,2,0,8,5
619,4,13,3,3,3,3,2,2,2,3,3,3,4,4,4,5,0,12,4
1803,2,1,3,3,4,3,2,3,3,4,3,3,4,4,4,2,1,1,3
42,2,5,3,4,2,2,2,1,2,2,3,2,2,2,4,2,1,1,8
704,5,1,-98,1,1,1,3,1,1,1,2,1,5,5,5,4,2,6,4
1713,2,1,3,3,4,4,4,3,2,1,2,2,2,4,1,2,1,6,3
582,2,19,1,3,3,3,3,4,4,4,4,3,1,4,4,4,1,1,2
311,4,19,4,4,4,3,3,1,2,2,3,1,2,2,1,2,1,6,4
1674,2,13,97,3,2,2,3,2,1,2,2,2,2,4,4,2,0,12,3
980,2,34,4,3,2,2,2,3,2,1,3,1,4,4,4,2,1,6,6
1260,2,19,4,3,1,2,2,2,2,2,2,1,1,4,1,1,0,8,4
604,4,32,-98,3,3,3,3,1,1,1,1,1,1,2,2,1,0,12,6
1686,2,20,3,3,3,3,3,3,2,2,2,2,5,5,5,5,0,12,8
555,1,1,3,4,3,4,5,4,3,4,3,2,4,5,2,5,2,6,1
1806,2,1,3,3,2,2,2,3,3,2,3,3,2,2,2,2,1,6,4
1854,2,4,3,3,3,4,4,1,1,3,1,1,1,4,4,2,2,6,8
788,2,20,1,3,3,4,4,3,3,4,3,2,2,2,2,1,0,12,3
281,4,16,5,2,2,2,2,2,2,2,2,2,2,1,2,2,0,12,6
337,2,16,96,2,5,1,1,1,2,2,2,1,5,4,5,1,0,8,7
479,2,16,96,4,3,4,3,1,1,1,1,1,2,4,4,1,1,6,3
547,2,16,8,2,1,3,3,2,2,2,2,1,2,4,2,4,1,1,5
520,4,13,1,4,2,4,4,2,2,3,3,2,4,4,4,1,1,1,8
117,5,11,3,2,1,1,1,3,2,1,4,1,1,1,2,1,0,12,3
1716,5,1,3,4,4,4,3,3,1,2,3,2,2,4,2,2,1,6,3
2142,2,34,1,4,4,4,4,2,3,3,3,2,2,2,2,2,2,6,4
2554,2,4,4,4,3,4,3,3,3,4,3,3,2,5,5,2,1,6,2
1060,2,34,96,3,2,2,1,1,1,1,1,1,1,1,4,2,-1,-1,5
1194,2,19,1,4,4,4,4,2,2,3,3,3,3,4,2,4,0,12,5
1996,4,5,3,1,1,3,1,1,1,3,2,1,2,4,4,2,1,1,6
211,4,11,4,3,2,2,3,2,2,2,3,2,2,2,4,1,0,12,3
2038,1,1,1,3,3,2,2,4,2,3,2,2,4,4,4,4,1,1,3
1490,4,11,4,2,2,2,2,2,2,2,3,2,4,5,4,4,0,8,6
2228,4,1,3,2,1,2,2,1,1,1,1,1,2,4,4,1,0,12,4
593,2,20,1,4,1,4,2,3,3,4,3,2,4,2,4,2,2,6,3
599,2,16,97,5,2,3,3,1,2,1,2,2,2,1,2,1,0,12,7
753,4,11,4,1,1,1,1,1,1,2,2,1,1,2,2,2,0,12,4
2449,1,11,1,4,3,3,4,3,3,3,3,3,2,2,2,4,-1,-1,6
499,4,16,4,1,1,2,1,1,1,1,2,2,5,5,5,1,1,1,4
1878,2,11,1,3,3,3,4,1,1,1,1,1,2,2,2,2,1,1,4
949,2,1,1,3,2,2,3,2,2,1,2,1,4,1,2,1,0,12,3
2525,1,16,1,4,2,4,4,3,3,3,3,2,2,4,2,2,0,12,2
660,2,1,1,3,3,3,3,2,1,2,1,2,4,4,5,4,2,6,6
1764,2,13,3,4,4,4,2,2,3,3,3,2,1,1,2,1,1,6,4
2170,4,1,5,2,1,2,2,1,1,1,2,1,1,1,1,1,0,12,8
916,4,16,-98,3,4,2,4,1,1,2,2,1,1,1,2,1,0,12,5
1814,4,11,4,2,1,1,1,1,2,2,2,1,1,2,1,5,2,6,6
1951,4,16,95,2,2,3,2,2,2,2,4,2,1,2,4,2,0,12,6
1123,4,19,10,3,3,3,2,3,3,4,3,3,-98,4,4,2,2,6,4
1448,2,36,3,4,4,4,4,3,3,3,3,3,2,2,2,2,0,8,6
227,2,20,1,2,2,3,2,2,2,2,2,1,4,4,4,4,0,12,7
472,1,11,3,2,2,1,1,2,1,1,2,2,4,4,2,4,1,6,4
1542,2,-99,3,2,2,2,2,2,2,3,2,2,2,4,2,2,1,6,2
1755,2,16,4,1,2,3,4,3,2,2,3,2,2,4,1,4,2,6,5
2181,1,11,3,2,2,3,4,1,2,3,3,2,5,4,4,4,0,8,2
662,2,1,97,3,4,3,4,1,1,1,1,2,4,5,4,2,2,1,4
352,4,4,3,2,1,1,2,1,1,1,1,1,4,4,2,2,0,12,4
484,2,29,-98,3,2,4,3,2,2,2,2,2,2,4,4,2,0,12,5
2409,1,11,97,2,2,2,2,2,2,2,2,2,2,4,4,2,0,12,7
2165,1,17,4,3,2,3,2,2,2,3,3,3,5,5,4,4,1,6,6
1303,2,1,3,4,2,3,2,2,2,3,3,2,2,5,2,2,1,6,4
899,2,12,4,4,4,2,4,3,2,2,2,2,2,2,2,2,0,12,2
2054,4,14,4,2,1,2,3,3,3,2,4,2,4,5,5,4,1,6,2
1373,2,30,6,4,4,3,5,2,2,3,3,2,4,4,4,4,0,12,5
810,4,36,1,5,5,3,1,1,1,1,2,1,1,1,1,1,1,6,6
1133,2,13,1,2,2,2,2,1,1,2,2,2,2,4,2,5,-1,-1,7
163,2,32,1,3,3,3,2,3,2,2,3,3,4,4,4,2,1,6,6
2235,2,11,4,3,2,2,2,1,2,2,4,3,5,5,1,4,0,8,1
2073,4,16,3,4,2,4,2,4,2,3,4,3,2,4,4,2,1,6,5
536,2,11,1,2,1,3,2,3,3,4,3,2,5,5,5,5,0,8,2
2002,2,1,4,4,4,3,4,2,1,2,3,3,4,4,2,4,1,1,4
1253,4,11,2,4,3,4,3,4,3,4,3,3,4,4,4,4,0,8,4
1149,2,1,96,4,5,2,2,2,1,3,2,1,4,2,4,4,-1,-1,7
1160,4,13,1,5,5,3,4,1,1,1,1,1,1,2,2,2,-1,-1,8
2019,2,1,1,4,4,4,3,1,3,3,2,2,2,4,2,1,0,12,1
1381,4,20,-98,3,2,3,3,1,1,3,2,2,1,2,2,2,0,8,8
71,2,13,-99,5,5,5,5,1,1,1,1,1,4,4,4,1,0,12,6
1510,2,20,4,2,3,4,3,1,1,1,2,1,2,2,2,2,1,1,3
1868,4,20,4,4,4,3,2,1,1,2,3,2,2,4,4,4,0,12,3
998,2,1,2,4,5,2,3,2,2,2,3,2,2,2,2,2,0,12,3
979,2,1,3,3,3,4,3,1,1,2,3,2,1,4,2,2,0,12,5
1453,4,16,-99,3,3,1,1,1,1,1,1,1,2,4,4,1,-1,-1,8
565,2,1,1,3,3,3,3,1,1,1,2,1,2,2,2,2,0,12,5
654,4,5,3,2,3,4,2,1,1,2,1,1,4,2,1,2,2,6,6
256,2,13,1,1,1,2,3,1,1,2,2,1,1,2,1,1,1,6,2
1350,3,36,1,3,2,4,3,3,3,3,4,3,4,4,4,4,-1,-1,8
2058,2,17,1,4,4,4,4,3,3,4,-98,3,2,2,2,4,0,12,5
66,2,2,1,2,2,3,3,1,2,1,1,1,2,4,2,2,0,11,3
911,2,13,1,3,4,3,2,2,2,3,3,1,2,4,4,2,2,1,7
390,1,16,97,2,1,2,1,2,1,2,1,1,4,4,4,2,0,12,5
2079,2,13,3,3,2,2,2,1,1,1,1,1,5,5,4,5,0,12,5
1121,2,1,11,2,2,2,2,2,2,2,3,2,4,4,4,2,1,6,3
165,2,1,1,4,2,4,4,4,3,4,3,4,5,5,2,4,1,6,4
888,2,26,1,1,1,1,1,1,1,1,1,1,2,4,2,1,2,1,7
1645,2,18,1,4,2,3,3,2,2,2,4,3,2,4,4,4,0,12,5
550,2,4,-98,3,4,4,3,3,2,2,4,1,4,4,2,2,1,6,2
2001,2,1,4,1,1,2,1,1,1,1,3,1,1,1,4,1,1,1,5
1667,2,1,97,2,3,3,4,1,1,3,3,1,5,5,5,2,-1,-1,7
2185,2,20,3,4,4,3,2,4,3,3,3,1,4,5,5,1,2,6,6
989,2,16,1,2,2,2,2,4,4,3,4,4,5,5,5,5,1,1,5
1597,1,-98,6,3,3,3,3,1,1,1,1,4,2,4,2,2,1,1,4
2204,2,6,1,4,4,4,4,3,3,3,3,3,2,2,2,2,1,6,4
1191,4,16,4,2,2,1,2,1,2,2,3,1,1,2,4,1,1,1,4
1106,2,-98,4,2,4,4,5,3,2,2,3,3,4,4,4,2,1,6,4
1575,4,-99,3,4,3,2,2,2,2,1,2,1,2,2,1,1,0,12,3
497,4,13,3,5,5,5,5,2,1,2,2,1,2,2,4,2,0,12,5
2358,4,13,2,5,4,4,4,1,1,1,3,1,4,5,5,5,-1,-1,8
934,4,16,3,2,1,2,3,2,3,2,2,1,1,1,1,2,0,12,6
2538,2,16,3,4,3,4,3,4,4,4,4,3,4,4,5,4,2,6,4
572,2,-98,1,4,4,4,3,3,3,3,3,2,2,5,2,2,0,12,7
370,2,4,3,3,2,2,2,3,2,2,3,3,2,2,4,2,2,1,8
2576,2,36,3,4,4,4,4,3,3,3,3,1,2,4,4,4,0,12,4
2008,2,19,1,3,4,4,4,3,3,3,3,3,4,4,4,2,0,12,6
526,5,11,4,4,5,2,5,3,2,2,3,2,4,4,4,4,1,6,7
260,5,16,3,1,1,1,1,1,1,1,1,1,5,5,5,1,0,12,8
1258,4,29,1,4,3,4,3,2,2,3,3,1,2,4,2,2,1,6,4
34,2,14,3,1,1,1,1,3,3,1,3,2,4,4,5,2,1,6,6
1355,4,33,5,2,2,2,2,2,2,2,2,2,4,4,4,2,0,12,6
2530,4,32,11,3,2,3,2,1,1,2,1,2,4,5,5,2,0,12,6
1690,2,32,1,3,3,3,2,2,2,2,2,2,2,4,4,2,1,1,3
1276,2,1,1,4,2,4,4,3,3,4,4,4,5,5,5,5,0,12,3
1470,1,16,5,3,4,3,2,1,2,1,1,1,1,2,2,1,2,6,6
1743,2,1,1,2,2,3,3,3,3,4,3,3,4,4,4,2,1,6,6
1228,1,16,3,2,3,3,2,1,1,1,2,2,4,4,2,1,0,8,6
730,2,1,6,4,3,2,2,3,3,3,4,2,5,4,5,1,0,12,3
1855,5,11,3,2,2,1,2,2,2,2,3,2,1,4,4,2,1,1,6
833,2,5,1,2,3,3,3,3,2,3,3,3,2,2,2,2,1,6,3
1224,4,13,-98,4,4,4,2,4,4,2,4,4,5,5,5,1,1,6,4
2277,4,29,1,5,5,2,2,1,2,2,2,2,4,5,5,4,-1,-1,7
1175,5,1,97,1,1,1,1,1,1,1,4,1,5,5,5,5,-1,-1,5
2120,4,16,4,5,5,2,5,1,1,2,1,1,2,4,4,1,1,1,5
2153,4,20,3,2,2,4,3,4,1,2,1,1,4,4,4,1,-1,-1,5
511,4,11,3,5,5,4,5,1,1,1,1,1,5,5,4,5,0,12,7
210,1,11,1,4,4,4,4,4,4,4,4,4,2,4,4,4,0,12,7
658,2,-98,1,4,4,4,4,2,2,3,3,3,2,4,4,4,0,12,4
314,2,1,2,3,3,3,2,1,2,1,1,2,4,2,4,4,1,6,3
889,4,13,1,5,4,4,4,1,1,3,3,1,2,4,2,1,0,12,8
250,4,16,13,1,1,1,2,1,1,2,2,1,1,2,2,2,0,12,5
1935,2,13,6,4,4,3,3,1,1,1,1,1,4,2,4,1,2,6,6
2613,4,16,4,2,1,1,1,2,2,2,2,1,1,2,2,1,0,12,6
78,4,4,3,2,4,3,2,2,2,3,3,2,4,5,4,1,1,1,2
122,2,-98,5,2,3,3,4,1,2,2,1,2,2,2,2,1,1,1,7
609,2,11,2,3,2,2,2,1,1,2,1,1,4,4,2,2,0,12,8
939,2,11,3,3,2,2,2,3,1,4,4,1,4,4,4,1,0,12,3
929,4,28,96,2,2,2,2,2,2,2,2,2,3,4,4,2,1,6,5
1042,4,11,4,2,2,2,2,1,2,3,3,1,1,2,5,2,0,12,6
959,2,11,3,4,4,2,2,2,2,2,2,2,2,2,2,2,0,12,7
843,4,11,3,3,3,4,3,2,2,3,3,2,4,4,4,4,0,12,5
1249,2,33,-98,2,2,2,1,3,3,2,-98,3,5,5,5,4,0,12,3
1634,4,13,8,3,3,3,2,1,1,1,1,1,4,4,2,2,0,12,5
1343,2,-98,3,2,2,2,2,1,1,2,2,1,1,2,2,2,2,6,8
151,2,27,-98,2,2,1,2,2,2,2,2,-98,2,-98,2,2,2,6,4
1887,2,4,1,2,2,2,2,1,2,2,2,2,4,4,4,4,0,12,5
57,2,11,3,4,4,4,1,2,2,2,2,2,2,2,2,2,0,12,2
1392,4,96,1,2,2,3,2,2,3,3,3,3,4,4,4,2,1,1,3
450,2,36,1,3,3,4,3,3,1,3,1,1,2,4,5,2,0,12,8
145,2,20,4,2,1,2,5,1,2,2,4,1,2,2,2,4,1,6,6
1831,2,96,1,3,3,2,4,3,3,2,3,1,1,2,3,2,0,8,4
1834,4,13,3,4,3,4,2,3,3,3,4,3,4,4,5,2,1,6,6
1416,4,16,1,3,3,3,3,3,3,3,2,3,2,4,2,2,0,12,8
724,2,11,1,1,2,4,4,3,3,4,4,2,5,5,5,2,1,6,4
445,2,96,1,4,3,3,4,2,2,2,2,2,4,4,4,4,2,6,5
800,4,20,4,3,2,2,3,3,3,2,4,2,2,4,5,4,2,6,6
1629,4,11,4,3,3,3,3,1,1,2,2,1,1,1,2,1,2,6,6
2285,4,11,4,1,1,2,1,2,2,2,3,2,2,4,2,2,1,6,3
44,4,16,4,2,2,2,1,2,2,1,3,1,2,4,2,1,1,6,8
713,4,11,3,1,1,2,2,3,2,1,1,1,1,4,4,2,0,12,5
1823,1,29,1,3,2,4,3,2,2,3,4,3,4,5,4,2,0,8,7
1676,2,16,3,2,3,3,2,2,1,2,2,1,2,4,4,2,0,12,5
119,2,20,6,4,3,4,4,2,2,2,2,2,1,4,2,2,0,12,7
2044,2,1,1,4,4,2,3,1,3,4,3,2,2,5,4,-98,-1,-1,8
496,4,13,1,5,5,5,5,2,2,2,2,2,2,2,2,1,0,8,3
1429,4,20,3,3,2,4,2,3,3,2,3,2,2,2,2,4,0,12,4
235,1,16,3,4,3,2,3,1,1,1,1,1,4,4,4,1,0,12,7
540,2,18,3,3,3,4,2,2,2,2,2,2,2,4,4,4,0,12,7
905,4,16,3,3,2,2,1,2,1,1,2,1,2,4,2,1,2,1,7
2371,2,16,2,3,2,2,2,3,2,2,3,2,2,2,2,2,1,6,7
527,2,-98,1,3,3,3,3,3,3,3,3,3,4,4,4,4,0,8,2
2305,4,1,3,3,3,3,3,4,3,4,3,3,5,5,5,5,2,6,5
2531,2,2,2,5,2,4,4,2,2,3,3,1,2,4,2,2,2,6,4
1008,4,16,4,1,2,2,2,2,2,3,3,2,2,4,4,2,0,12,8
1750,2,16,4,3,3,2,2,2,2,2,3,3,4,4,2,2,1,6,1
2007,4,29,1,3,3,3,3,2,3,3,3,3,2,4,2,2,0,12,5
1269,4,33,3,2,1,2,1,1,2,1,1,1,1,4,4,2,1,1,3
742,4,36,1,3,2,4,4,2,2,3,2,2,2,4,2,1,0,12,4
948,1,1,-99,3,3,3,3,2,2,2,2,2,5,5,5,1,2,6,6
1974,1,20,3,3,3,4,4,3,2,3,3,3,4,4,4,2,1,6,8
552,2,-98,3,2,3,2,2,3,3,3,4,2,2,4,1,4,1,6,4
1378,4,13,3,2,2,2,3,1,1,1,2,1,4,5,4,4,-1,-1,7
378,4,19,1,4,4,4,3,2,2,2,2,2,4,4,4,2,1,6,4
935,2,36,4,2,3,3,3,2,2,2,2,2,2,4,4,2,0,12,7
217,4,4,3,4,4,3,2,3,3,3,4,2,2,2,4,2,1,1,4
1321,2,11,4,3,3,4,3,3,3,3,3,3,4,4,4,4,0,12,6
410,4,11,4,3,2,3,2,2,1,2,2,1,2,4,2,1,1,6,6
300,2,1,3,4,4,3,2,2,2,3,2,2,4,2,4,1,0,12,5
1619,4,1,96,3,3,3,2,1,1,1,2,2,2,2,2,1,1,1,6
802,2,1,2,5,3,3,2,3,2,3,4,4,4,5,4,1,0,12,8
56,1,1,1,1,5,4,3,2,2,4,3,2,5,5,4,2,0,8,3
1427,2,13,1,1,1,1,2,2,2,1,2,1,5,4,5,1,-1,-1,8
465,4,5,3,5,2,3,2,3,3,4,2,2,2,4,2,2,1,6,6
879,4,1,2,3,3,3,4,2,2,2,2,2,4,4,2,2,1,6,1
668,2,-98,1,3,3,3,3,2,3,3,4,2,2,4,5,2,1,6,3
610,2,4,1,3,3,2,3,2,2,2,2,2,4,4,4,4,1,6,4
1207,2,8,3,2,2,2,2,2,2,2,2,2,4,4,4,2,0,12,3
1213,2,13,6,4,3,4,4,2,1,3,3,1,2,2,4,1,0,12,5
2529,2,96,1,4,3,4,4,3,3,3,2,3,4,4,4,2,-1,-1,7
2294,2,1,1,4,2,3,2,3,1,1,3,1,4,4,2,2,-1,-1,4
738,2,16,1,1,5,1,5,1,1,2,1,1,4,2,2,4,0,12,3
92,4,16,4,2,3,2,3,2,2,2,2,2,2,4,2,2,1,6,3
951,2,16,1,4,5,3,3,2,1,1,3,2,4,4,4,4,2,6,8
762,5,16,96,2,1,2,3,2,1,3,2,1,1,1,4,2,2,6,7
874,2,17,1,2,1,2,1,1,2,2,2,2,2,2,2,1,1,1,4
1274,4,36,1,4,5,4,4,2,1,2,2,1,4,4,4,4,-1,-1,5
1851,4,32,4,3,4,2,2,1,1,1,1,1,4,4,2,2,1,6,5
1580,4,20,96,4,2,3,4,2,1,2,2,1,2,2,2,-99,-1,-1,7
1825,2,2,1,1,1,2,2,3,1,1,3,2,1,1,5,1,2,6,6
301,4,13,5,3,3,4,4,3,2,3,3,3,2,4,4,2,0,12,3
1812,2,13,16,5,4,3,3,1,1,2,3,2,5,5,5,4,0,12,5
894,2,36,2,2,3,3,2,3,2,2,2,2,4,4,4,2,0,12,8
1414,1,5,2,4,2,3,3,1,1,1,1,1,2,2,2,2,0,12,8
1894,2,13,1,4,4,3,4,1,2,2,2,2,2,2,4,1,1,1,8
2568,5,11,32,1,1,1,1,1,1,1,1,1,1,2,1,1,1,1,4
1844,4,13,11,3,3,3,3,1,1,1,2,1,2,4,2,2,-1,-1,6
279,4,4,3,2,2,3,4,2,2,2,2,2,2,2,2,2,2,6,8
1942,1,16,1,3,2,1,2,1,1,2,2,1,4,5,4,5,-1,-1,7
391,4,16,97,1,1,1,1,1,1,1,1,1,5,1,5,1,1,1,5
790,2,36,1,3,2,3,3,3,2,3,4,2,4,2,4,4,-1,-1,7
1714,1,4,3,3,2,3,3,1,2,2,4,2,2,4,2,2,0,12,3
1004,2,34,-98,3,2,3,2,3,3,3,3,3,2,4,2,2,0,12,3
2577,2,13,3,3,3,4,3,1,1,2,1,1,2,5,5,2,0,12,4
2365,2,1,3,2,2,2,1,3,2,4,3,1,4,5,4,2,-1,-1,4
2561,4,1,97,4,5,1,5,1,1,1,1,1,2,4,2,1,1,6,6
1783,4,13,1,3,1,3,2,1,1,2,2,2,1,2,4,1,1,1,8
745,2,-98,1,2,3,3,2,2,2,2,2,2,4,5,4,2,1,6,6
2585,4,17,3,4,4,4,4,2,3,2,2,2,2,4,4,2,1,6,6
1569,2,1,16,4,2,2,2,2,2,1,2,1,4,2,4,-99,-1,-1,6
1703,4,36,3,2,2,2,2,2,3,2,3,2,2,4,2,2,0,12,6
1873,4,16,4,1,2,2,1,1,2,2,3,2,2,2,2,1,1,6,4
371,4,16,97,1,1,1,1,1,1,1,1,1,5,5,5,1,1,1,3
422,4,1,1,1,1,2,2,2,1,1,3,1,2,4,4,2,0,12,6
1889,2,11,3,1,1,2,2,2,2,2,3,2,2,2,2,2,0,8,3
329,4,13,1,2,1,1,2,1,2,2,2,2,4,4,4,2,2,6,8
1065,2,11,4,3,2,4,3,2,2,4,4,3,2,4,2,2,1,6,4
485,4,13,3,3,5,2,1,1,1,2,2,2,2,2,4,1,0,12,5
605,2,11,3,3,3,4,3,2,1,2,2,2,4,4,4,4,1,1,4
1570,2,1,3,5,5,5,5,1,1,1,1,1,4,3,4,5,-1,-1,5
142,2,16,6,3,3,2,1,3,2,4,3,2,4,4,4,2,0,12,3
1968,2,1,4,3,3,3,3,1,1,2,2,1,4,4,4,4,1,6,4
1615,4,1,96,3,2,2,1,2,2,2,2,2,5,5,5,5,1,6,3
2448,1,13,1,4,4,4,4,2,1,2,2,2,4,1,4,4,-1,-1,5
2039,2,11,3,4,4,4,4,4,2,4,4,3,5,5,5,5,-1,-1,6
1240,4,29,1,3,3,3,3,3,3,4,3,3,4,4,4,2,0,8,4
1579,5,1,3,5,5,1,1,4,1,1,3,4,4,5,5,1,-1,-1,6
591,2,1,3,3,4,4,3,1,2,1,2,2,2,5,2,4,0,8,1
1557,4,4,3,4,4,5,4,2,-98,2,-98,2,2,4,4,1,1,6,1
481,2,16,1,1,5,2,2,1,1,4,2,2,1,2,1,4,0,12,7
1208,2,1,3,2,2,2,2,1,1,2,1,1,2,2,4,1,1,6,6
732,4,19,5,2,4,3,4,2,1,4,2,1,1,4,2,2,0,12,5
1238,4,36,-98,2,4,2,2,1,2,2,1,1,2,5,5,1,1,1,8
1621,4,11,4,3,4,3,4,4,4,3,4,3,2,4,4,4,0,11,6
1833,2,16,4,3,2,4,3,2,2,2,2,2,4,2,2,2,0,12,1
360,5,11,3,2,2,2,2,1,2,2,3,2,2,4,4,2,1,6,6
2422,4,16,11,4,3,2,2,2,2,2,2,2,2,2,2,2,0,8,4
1405,2,20,20,4,2,2,2,1,1,1,1,1,2,2,4,1,1,1,6
1075,4,11,4,3,2,2,3,2,1,3,3,1,4,4,4,2,0,12,5
1880,2,5,-98,3,3,3,3,1,1,1,1,1,4,2,2,2,0,12,4
208,4,11,4,2,2,2,2,2,2,1,2,2,2,4,4,4,0,12,2
1904,2,-98,1,3,3,3,3,2,2,3,2,3,2,4,4,4,2,6,7
839,2,1,5,4,3,3,3,3,3,4,3,3,2,4,4,4,0,12,7
775,4,11,3,2,4,2,2,3,2,2,3,2,2,5,4,2,0,12,3
1669,4,32,95,1,1,1,2,1,1,1,1,1,5,2,5,5,-1,-1,7
831,2,20,-98,2,2,2,2,2,2,1,2,2,2,4,4,2,1,1,6
893,2,5,1,5,5,4,5,2,1,1,1,1,2,4,4,1,1,6,7
1798,4,6,3,2,2,3,3,3,2,2,3,3,2,4,2,2,0,8,5
1368,2,15,1,1,1,2,1,1,1,1,3,1,2,4,2,4,0,12,8
2447,2,29,4,3,4,3,2,2,2,3,3,1,4,4,4,4,1,6,4
203,2,-98,3,3,3,1,2,2,3,2,2,2,1,2,1,2,1,6,1
1595,2,36,1,5,2,4,3,2,1,2,2,2,1,1,1,1,0,12,5
598,2,32,1,3,3,3,3,2,3,3,3,3,4,2,2,4,0,12,1
1187,2,19,1,3,2,2,3,4,3,3,4,4,5,5,5,4,0,8,2
1872,2,96,96,3,4,4,5,4,3,3,3,3,4,4,2,4,1,6,3
885,1,1,3,5,4,2,4,2,1,1,1,2,4,4,4,4,1,6,5
1372,3,1,95,1,1,1,1,1,2,1,1,3,2,5,5,5,-1,-1,3
538,4,32,3,3,2,2,3,2,2,1,1,1,2,2,2,2,2,6,6
740,2,30,1,5,3,4,3,3,2,4,3,3,5,5,5,4,1,6,4
1479,2,-98,4,3,5,2,3,1,1,3,4,1,2,5,2,2,1,1,1
1740,2,19,1,2,2,3,2,1,1,3,3,1,2,4,2,2,1,6,2
1184,4,16,-99,1,1,1,1,1,1,1,1,1,5,5,5,5,1,1,4
1762,5,1,3,1,1,1,2,1,1,1,4,1,1,2,4,1,0,12,5
1257,2,32,1,3,3,3,3,3,2,3,3,3,2,4,4,4,1,1,6
1741,2,19,1,1,1,3,1,1,2,1,1,2,4,4,5,4,0,12,8
728,5,11,3,5,5,2,5,2,2,1,2,1,2,4,2,1,0,12,8
1761,2,1,3,4,5,4,3,2,4,2,3,2,2,4,4,4,1,6,4
908,2,7,1,4,3,2,2,2,2,3,2,2,2,4,2,4,0,12,5
2312,2,16,3,2,2,2,3,3,4,3,4,2,4,4,2,4,0,12,3
882,2,36,1,3,3,4,4,4,3,3,2,3,2,4,4,4,0,12,7
1938,4,4,3,2,2,3,2,2,2,2,3,2,4,4,4,4,0,12,5
74,1,-99,3,3,3,4,3,4,4,4,4,4,2,2,4,4,1,6,6
1571,2,13,1,4,2,3,2,1,1,1,2,1,4,4,4,2,1,6,7
226,4,20,3,3,2,2,2,3,3,1,3,2,2,4,2,2,0,12,7
1992,4,16,1,2,3,2,2,2,3,2,2,3,2,4,1,2,0,12,6
633,4,35,3,1,1,1,1,1,1,1,1,1,1,1,2,2,0,12,5
627,4,16,-98,4,3,3,3,1,1,1,1,1,2,4,2,2,0,12,5
2546,2,6,1,2,4,3,3,1,2,2,2,2,4,2,2,2,1,1,4
1979,2,13,1,2,2,2,2,1,1,2,2,1,4,4,5,1,1,1,4
225,2,16,3,2,1,1,1,1,1,1,2,1,1,2,2,4,0,12,7
1973,2,1,3,3,2,5,2,1,1,1,1,1,2,2,4,2,0,12,4
153,2,13,1,3,3,3,3,3,2,2,3,2,4,4,2,4,2,6,5
315,4,13,97,1,1,1,1,2,2,2,4,1,2,5,5,1,1,1,1
1777,2,96,3,3,4,2,2,2,2,2,2,3,4,4,2,2,0,12,1
661,2,32,3,4,4,4,5,2,2,2,1,3,4,4,2,4,1,1,8
376,4,33,6,2,3,4,4,2,1,2,3,1,4,4,4,4,0,12,5
774,5,16,1,1,1,1,1,1,1,1,2,1,4,5,4,1,0,12,8
1431,2,1,-98,3,2,2,1,1,2,2,2,2,2,4,2,2,1,6,4
107,4,11,3,3,3,1,1,2,3,1,3,3,4,4,4,2,0,7,6
262,5,96,4,1,2,1,5,1,1,2,4,1,4,2,2,1,0,12,1
2363,2,36,1,5,4,3,3,3,1,2,4,2,4,4,4,2,-1,-1,8
717,2,36,1,5,4,4,4,2,3,4,2,2,2,4,4,2,1,6,8
1919,2,-98,1,2,2,3,2,2,2,2,3,2,2,2,3,2,0,12,5
2382,5,20,5,2,1,2,1,1,1,1,3,2,2,5,4,4,1,6,3
1206,2,1,3,4,3,3,3,1,1,2,2,2,4,4,4,2,0,12,6
1118,2,17,1,1,1,3,3,1,1,2,1,1,2,1,5,1,1,6,8
932,2,1,1,4,3,3,3,3,2,3,3,3,4,4,4,2,0,8,4
201,4,16,4,3,1,1,5,2,2,1,4,1,1,2,4,2,0,12,6
965,4,5,4,2,2,2,2,1,1,1,2,1,2,2,4,2,1,6,6
1166,2,16,1,3,3,4,2,3,3,4,4,2,5,5,4,2,2,6,5
1529,2,36,3,5,5,2,5,2,2,2,2,2,2,4,4,1,0,12,8
1200,2,16,3,2,1,2,1,3,2,1,3,2,1,1,1,5,0,12,7
1665,2,1,3,4,4,5,4,1,1,1,1,1,1,1,1,1,1,1,4
195,2,11,3,3,3,4,3,3,2,3,3,2,2,4,2,2,0,12,4
182,5,13,11,3,5,3,3,1,1,1,2,1,2,4,4,2,1,6,6
500,2,20,3,2,2,2,3,1,1,1,1,1,2,2,1,2,1,1,4
1835,2,1,3,2,2,2,2,1,2,1,2,1,4,4,4,2,1,6,1
325,4,1,3,4,4,4,4,2,2,2,2,2,2,4,2,2,1,6,4
832,2,1,1,2,2,4,4,2,1,3,2,2,1,2,1,4,1,6,4
2017,5,96,97,1,1,1,3,4,4,4,4,4,5,5,5,5,-1,-1,4
1926,2,35,3,3,2,2,3,1,1,1,4,1,1,1,1,2,-1,-1,8
901,1,16,4,2,3,2,3,2,3,3,2,3,5,5,2,2,1,6,4
1109,1,16,1,2,2,2,2,1,1,2,3,1,2,2,4,1,1,6,8
793,2,29,-98,3,3,5,4,1,1,2,1,1,1,2,1,2,0,8,7
1038,4,11,4,2,1,3,1,1,1,1,1,2,1,5,5,1,-1,-1,8
632,2,-98,3,-98,5,3,4,1,1,1,2,2,2,2,2,2,1,1,5
493,2,16,1,3,4,4,3,2,1,1,2,1,1,4,4,2,2,6,7
1537,2,4,3,3,3,3,2,4,4,2,4,4,4,4,2,4,0,12,4
1965,2,-98,3,4,2,2,2,2,2,2,2,2,4,4,4,2,0,12,2
877,2,1,3,4,4,2,2,2,2,2,2,2,2,4,2,2,1,1,4
1853,4,16,3,3,2,3,2,2,2,3,2,2,2,5,4,4,0,12,8
777,4,29,1,3,3,4,4,3,1,2,3,3,2,2,1,2,2,6,7
1102,2,17,1,2,2,3,3,2,3,2,2,2,2,4,2,2,0,12,5
676,2,1,6,2,2,1,2,2,2,2,3,1,4,2,4,4,0,12,4
1885,1,16,97,4,2,2,2,2,2,2,3,2,4,4,4,2,1,1,7
930,2,35,-99,3,3,3,2,2,2,2,2,3,4,4,4,2,0,12,5
121,5,13,3,3,1,1,1,1,2,1,1,1,1,2,1,1,1,6,1
2555,2,1,3,3,3,3,2,1,2,2,2,1,2,1,1,2,1,1,3
1671,2,1,6,2,3,5,2,3,2,3,1,1,2,4,4,1,-1,-1,5
54,2,8,1,4,5,4,5,1,1,3,2,3,1,4,2,1,1,1,6
379,2,20,4,3,3,4,4,3,1,3,3,2,2,2,5,1,2,6,5
824,4,16,3,3,3,3,5,1,1,1,1,1,1,1,1,1,1,6,3
1695,4,13,2,2,2,3,2,1,1,1,1,1,4,4,4,1,1,1,6
1817,4,11,4,2,3,3,3,3,3,3,4,3,5,5,5,4,0,12,3
601,2,17,1,2,2,4,4,3,2,4,3,3,2,2,4,1,2,6,6
792,1,16,6,2,3,4,3,4,3,4,4,3,5,5,4,2,2,6,5
401,4,15,11,2,1,2,3,1,2,1,1,2,2,2,2,2,0,12,3
1097,2,13,4,4,4,3,4,2,2,2,2,2,2,2,2,2,2,6,5
2021,4,11,4,2,2,2,3,2,2,1,2,1,4,4,4,4,0,8,5
475,1,1,3,4,2,4,4,2,2,2,2,2,4,4,2,2,1,1,4
1277,2,-98,1,4,4,3,3,2,2,3,3,2,5,5,5,5,1,6,4
1090,1,16,6,3,4,4,4,3,2,2,2,3,2,4,2,2,2,6,7
705,4,96,4,2,2,1,1,1,1,1,1,1,2,2,2,2,0,12,4
2086,2,4,3,2,1,2,2,1,1,1,2,1,2,4,4,2,1,1,5
1505,1,19,1,5,2,4,4,2,1,2,2,2,1,1,2,4,2,6,7
1110,2,13,11,3,2,2,4,3,2,2,2,1,4,2,2,2,0,12,5
2397,4,13,3,2,2,2,4,1,2,2,2,1,5,4,4,4,-1,-1,5
2582,2,1,1,5,4,2,2,1,1,2,1,1,1,2,2,1,-1,-1,6
347,4,11,4,1,1,1,2,3,3,2,4,1,4,4,2,2,1,6,4
1656,3,16,5,2,2,3,2,2,1,2,2,3,2,4,3,2,-1,-1,7
48,4,11,1,2,5,3,1,3,3,2,4,3,1,2,4,1,1,1,1
2543,2,6,1,3,2,3,2,2,2,3,3,1,2,4,2,2,0,12,1
2110,2,17,1,5,2,5,4,2,2,2,1,1,2,5,2,4,-1,-1,6
1546,2,11,3,4,5,2,4,1,2,1,2,2,1,4,4,2,1,6,4
1094,2,16,1,3,2,3,3,3,3,3,3,3,4,4,4,4,2,1,3
940,2,11,3,1,1,2,2,2,2,3,3,1,2,4,2,2,0,12,4
1089,2,1,1,3,4,2,3,1,1,3,2,2,3,3,4,2,-1,-1,5
581,4,1,97,5,5,2,5,1,1,1,1,1,4,5,4,2,1,1,3
1607,4,16,3,3,3,2,2,1,1,2,2,1,2,5,5,5,-1,-1,8
1726,2,17,1,4,2,4,4,3,2,3,3,3,4,4,4,2,-1,-1,8
914,1,4,1,3,2,3,3,2,3,3,3,3,4,4,4,2,2,6,8
443,2,32,3,2,4,4,2,2,3,3,4,3,2,4,2,2,1,6,4
1744,2,1,11,5,5,5,5,2,1,1,1,1,4,4,5,2,0,12,4
1498,2,37,4,3,3,3,3,3,3,3,3,3,4,4,4,4,1,6,4
1209,2,32,1,2,2,4,2,1,1,3,3,1,2,4,4,2,1,1,3
1985,4,96,-99,1,3,1,1,1,1,1,1,1,2,1,1,1,1,1,4
2435,4,35,4,2,1,2,5,2,1,2,2,2,1,1,1,1,2,6,6
1273,2,1,1,3,3,4,4,1,1,2,2,2,4,4,4,2,0,12,4
1407,2,-98,1,3,4,2,2,2,3,2,2,1,4,4,5,4,1,6,8
2018,2,1,1,3,3,3,4,3,3,3,4,3,4,4,4,2,0,12,3
1037,2,5,3,3,3,5,3,1,1,2,2,1,2,1,4,2,-1,-1,7
2431,1,16,3,2,4,2,2,3,3,2,3,2,2,2,3,1,-1,-1,4
1093,4,13,6,-98,5,-98,-98,4,1,3,3,-98,4,4,5,5,-1,-1,8
2427,2,11,1,2,5,4,4,3,2,3,2,1,2,4,4,2,0,12,3
557,2,16,3,2,2,2,3,2,2,3,3,3,4,4,4,4,1,1,7
1192,4,11,5,1,1,1,1,1,1,1,1,1,1,1,1,1,0,11,5
841,2,16,1,3,4,3,3,2,1,2,2,2,2,4,4,4,1,1,5
545,4,11,3,1,1,1,2,2,1,1,1,1,2,2,1,1,0,8,5
694,2,1,3,3,4,3,3,2,3,3,3,3,4,4,4,2,1,1,6
114,2,1,3,4,4,4,3,2,2,3,3,2,2,4,2,2,1,1,8
492,2,20,4,3,1,3,4,2,3,3,3,1,2,4,2,4,1,6,4
881,4,15,1,5,5,5,5,1,2,2,2,2,2,4,4,2,0,8,4
351,4,13,1,5,4,2,1,3,4,2,4,2,4,5,5,2,0,12,7
1912,2,96,4,3,4,4,4,2,4,1,4,3,1,2,2,4,0,8,2
1976,4,19,1,4,2,2,2,2,2,1,1,2,4,4,4,2,1,1,4
1790,4,16,11,4,4,2,1,1,1,1,1,1,1,4,2,1,1,6,3
1185,2,-98,3,4,2,3,1,3,3,2,3,1,4,5,4,1,1,6,2
2330,2,8,3,4,2,4,4,2,2,3,3,2,4,4,4,2,1,6,5
1749,4,17,1,2,2,2,2,2,2,2,2,2,2,4,2,1,0,12,6
97,2,13,1,3,3,4,3,3,4,4,4,3,1,4,1,5,1,6,3
2334,4,96,3,2,1,3,3,2,1,2,4,1,2,5,4,5,2,6,7
108,2,-96,1,1,1,4,4,2,2,2,2,2,4,2,4,2,1,1,5
167,2,11,3,3,2,3,2,2,2,2,2,2,2,2,4,2,0,8,7
435,2,11,-98,3,3,3,5,4,4,4,3,4,2,2,2,2,1,6,4
1540,5,11,3,2,2,2,1,1,2,3,2,1,4,4,4,2,1,6,8
1014,2,6,1,5,5,5,5,1,1,1,1,1,2,1,2,2,0,12,6
2490,2,26,1,2,1,2,2,1,1,2,3,1,2,2,4,2,0,12,4
229,2,8,4,2,2,2,1,3,3,1,2,1,2,2,2,4,2,1,5
296,4,1,97,3,5,3,2,2,2,3,2,2,1,5,5,1,1,6,4
2107,2,11,3,4,3,3,3,2,1,1,1,1,4,2,4,4,1,6,3
1981,2,-98,3,4,4,4,3,3,3,3,3,3,4,4,4,4,1,6,4
1170,2,20,22,3,3,4,4,3,2,4,3,3,4,4,4,4,0,12,4
553,2,17,3,3,4,3,2,2,2,2,3,3,4,4,4,4,1,1,2
1946,2,19,4,3,3,3,2,2,3,2,2,1,4,4,4,4,1,6,4
1132,2,1,1,4,4,5,4,3,3,3,4,2,2,4,2,2,0,12,6
577,4,11,3,5,5,2,5,2,1,3,3,1,2,2,4,2,0,12,5
1488,1,11,3,1,2,2,2,1,1,1,2,1,2,1,1,2,1,6,7
403,4,2,4,2,2,1,3,2,2,3,2,3,5,4,4,4,1,6,4
1767,1,13,1,3,3,3,3,3,3,2,3,3,4,4,4,4,0,12,7
2187,2,1,97,3,2,2,2,3,2,3,3,2,2,2,2,4,2,6,4
1620,2,19,1,4,4,2,2,4,3,2,1,2,4,4,2,4,0,8,3
669,4,13,5,5,5,3,1,2,1,2,2,1,2,1,4,1,1,1,6
649,4,35,3,4,2,4,2,2,1,1,2,1,2,4,2,2,2,6,5
761,5,20,3,1,1,1,1,2,2,1,3,1,1,1,1,1,0,12,5
10,2,19,1,4,-98,3,2,4,2,3,3,4,4,4,5,4,-1,-1,8
303,4,1,4,2,2,2,2,1,2,1,3,2,2,4,2,2,1,6,4
1689,4,16,4,2,2,1,1,1,1,2,2,1,4,2,1,1,1,1,4
326,5,20,3,2,2,3,2,2,3,1,2,1,1,4,4,2,2,6,8
1759,2,16,97,3,2,2,2,2,2,2,3,1,2,2,2,2,1,6,3
354,2,18,1,2,2,3,2,2,1,2,2,2,2,4,4,4,2,6,8
1164,4,-98,1,3,2,3,3,2,2,3,2,2,4,4,4,2,1,6,2
1150,4,13,97,3,2,3,2,1,2,1,3,3,2,4,1,4,2,6,4
803,2,16,2,4,3,3,4,1,1,3,2,2,4,4,4,4,0,12,5
2010,2,1,1,2,2,4,4,2,2,2,3,3,2,2,2,4,1,6,5
2544,2,11,1,4,2,3,2,3,2,3,3,1,2,4,4,4,2,6,6
2087,4,16,3,3,2,1,2,3,3,3,2,2,4,5,4,4,1,6,5
245,4,36,3,4,2,3,3,3,2,2,2,2,2,4,4,2,2,6,7
1117,1,36,3,2,3,1,1,3,2,2,3,4,5,5,4,5,-1,-1,7
185,2,35,4,3,3,4,4,3,2,2,3,2,2,4,1,2,0,8,5
2238,4,11,3,1,2,2,1,2,1,1,3,1,2,4,4,1,2,1,6
1345,4,16,2,4,3,3,2,2,2,2,2,1,4,4,4,4,0,12,7
374,2,31,1,3,3,4,4,2,1,2,1,1,1,2,1,2,0,12,5
737,4,11,3,3,2,2,3,2,3,3,2,3,4,4,4,2,2,6,7
2310,4,16,11,4,4,4,3,3,3,3,3,3,4,4,4,4,0,12,7
2230,2,16,11,4,3,2,1,1,1,2,1,1,4,4,2,1,0,12,5
2106,2,5,4,3,3,4,4,3,2,3,3,2,2,2,2,2,1,6,6
1319,4,36,-98,3,5,2,3,1,1,1,1,1,2,4,4,1,0,12,6
343,2,28,1,4,4,4,4,1,1,1,1,1,4,4,5,1,1,6,4
1495,2,-99,-99,3,3,3,3,1,2,1,2,1,2,2,4,1,0,12,6
1156,5,16,11,3,3,1,1,1,2,1,1,1,4,4,5,1,-1,-1,6
978,1,6,4,3,4,4,2,2,2,3,3,2,2,1,1,4,1,6,4
186,4,1,1,4,4,3,4,1,1,2,2,1,2,4,4,2,2,6,8
1773,4,6,3,4,4,4,4,2,2,2,2,2,2,2,2,2,1,6,5
1753,2,11,3,3,3,3,3,2,1,2,3,3,4,4,4,2,1,6,5
1287,4,19,39,3,2,2,2,2,3,1,2,2,4,4,2,2,1,1,1
845,4,16,4,1,1,2,1,2,1,2,2,1,2,2,4,2,0,12,7
1746,2,2,-98,2,2,4,4,3,2,3,3,1,2,1,-98,2,1,1,5
2097,2,1,2,5,5,4,5,1,1,1,1,1,5,5,4,2,0,12,7
703,2,18,1,4,3,4,4,3,2,4,3,3,2,4,4,2,0,12,7
2214,2,-98,4,3,3,3,3,2,3,4,3,3,5,5,4,5,1,6,4
1091,2,20,4,3,3,3,3,1,3,1,3,1,4,4,4,4,0,12,8
1347,2,13,1,2,2,2,4,1,1,1,2,1,4,4,4,1,0,12,7
1242,2,17,3,2,4,2,2,2,2,2,2,2,4,2,2,2,1,6,4
1863,4,11,3,2,2,3,2,2,2,2,3,2,4,4,5,4,0,12,8
1549,2,16,2,4,4,5,5,1,1,2,2,1,2,2,2,1,2,6,7
1720,5,16,4,2,3,2,2,1,2,2,3,1,1,2,1,2,0,8,3
1309,2,4,1,3,3,4,3,1,1,4,4,2,2,1,2,4,0,12,5
1218,2,16,1,2,2,3,3,2,2,3,3,2,4,5,2,2,2,6,6
1787,2,1,6,2,2,3,3,1,1,1,1,1,1,1,4,4,1,1,5
2155,2,36,11,3,2,4,2,2,3,2,4,1,2,4,4,4,-1,-1,8
1055,2,16,1,3,4,4,3,4,4,-98,4,1,2,5,5,1,0,8,5
494,4,13,11,3,2,3,3,1,2,2,2,1,2,1,2,2,0,12,5
1836,2,37,3,2,2,4,4,3,2,3,3,3,2,4,2,5,0,12,3
1957,4,16,1,4,3,3,3,2,2,2,3,2,4,4,4,2,0,12,5
1171,2,1,3,3,3,3,3,2,1,2,3,2,1,4,4,1,-1,-1,8
1013,2,1,-99,2,2,2,2,2,1,4,3,2,5,5,5,4,1,6,6
1099,3,4,-98,4,3,2,2,1,1,1,1,1,2,4,4,1,0,12,6
576,2,16,2,3,1,4,3,2,2,2,2,1,2,4,4,2,0,12,7
1843,2,1,1,3,3,4,3,2,2,4,3,2,4,4,4,4,0,12,8
710,2,32,1,2,4,2,1,1,1,1,2,2,2,4,4,4,1,6,4
864,4,15,4,2,2,2,2,1,1,2,3,2,4,4,4,1,1,6,4
1153,2,20,8,3,3,4,4,2,1,1,2,1,1,2,2,2,0,12,6
349,2,13,5,4,4,4,4,2,2,2,2,2,4,4,2,2,0,12,7
659,1,18,1,3,3,5,3,2,2,2,2,2,4,4,4,1,2,6,7
861,2,17,1,3,2,3,2,3,2,3,3,3,4,2,4,1,1,1,3
1182,4,13,3,2,1,1,1,2,1,2,1,1,5,5,5,1,1,6,3
2006,4,11,11,3,4,4,4,2,2,2,2,2,2,4,2,2,0,12,7
286,2,13,6,5,5,2,5,1,1,1,1,1,5,5,5,1,1,6,8
1805,2,20,1,2,2,3,3,1,2,2,2,3,4,5,4,4,2,6,8
1544,4,11,4,2,3,3,3,1,1,2,3,1,2,4,4,2,-1,-1,5
2151,2,1,3,2,5,2,5,1,1,2,1,1,2,4,4,2,1,1,4
2251,1,11,1,5,4,5,4,4,4,4,4,4,5,5,5,5,-1,-1,6
1709,2,1,1,3,3,4,3,3,3,2,4,3,2,2,2,2,1,6,3
1311,2,29,1,2,2,4,3,2,2,2,2,2,2,4,2,4,0,12,5
1737,2,2,1,2,4,4,3,3,3,3,1,2,5,5,5,4,0,12,7
923,2,1,3,3,2,3,4,3,2,3,2,2,4,2,2,4,1,6,3
150,2,96,4,3,3,3,3,1,1,2,3,1,2,4,4,1,1,1,2
306,2,13,6,3,3,2,2,1,1,2,1,1,1,1,2,2,0,12,5
2317,4,13,2,4,2,1,2,1,2,2,2,1,1,4,4,2,0,12,6
368,2,1,1,2,2,2,2,2,1,2,3,3,4,4,2,4,0,12,3
1920,2,4,-98,3,3,3,3,2,2,2,2,1,4,5,4,2,1,6,3
1157,2,19,3,3,4,4,2,3,2,3,3,3,5,5,5,4,0,12,4
1237,2,16,1,3,4,2,2,1,1,4,1,1,2,4,2,2,0,12,5
2524,2,13,3,4,5,4,4,1,1,1,1,1,4,4,4,4,0,12,4
310,2,13,1,5,4,5,4,4,4,4,4,4,2,2,2,2,1,6,7
510,2,4,6,3,3,4,4,2,2,3,3,1,1,2,4,2,1,6,3
2438,2,16,3,1,1,1,1,1,1,1,1,1,4,4,4,2,1,1,2
353,4,11,4,1,2,2,2,1,1,1,3,1,1,4,2,4,1,1,4
1653,1,20,1,5,5,5,5,4,1,1,1,4,1,1,1,1,-1,-1,3
98,2,13,1,4,4,3,4,2,1,2,2,2,2,2,4,2,0,12,7
2407,1,1,3,4,4,3,2,2,2,2,1,1,2,4,4,2,2,6,4
1243,4,11,3,2,1,1,1,2,1,1,2,1,4,4,2,4,1,1,5
2258,4,96,-98,4,4,2,5,2,2,2,4,2,2,1,2,1,1,6,4
1487,2,1,6,3,3,3,3,3,3,3,3,3,4,4,4,2,0,12,3
1279,5,11,4,1,1,1,1,1,1,1,1,1,1,2,2,2,0,8,7
2195,2,16,3,3,3,3,3,2,2,2,3,2,2,4,2,2,0,12,4
1417,4,20,4,3,2,3,1,1,1,2,3,1,1,1,2,2,0,12,5
444,2,20,3,2,2,3,3,3,3,4,4,3,4,2,2,4,1,1,3
2541,2,1,3,3,3,4,3,3,2,3,3,3,2,2,2,2,1,6,6
448,2,1,3,3,2,4,3,2,3,4,4,3,4,5,2,2,1,1,8
488,2,29,3,3,3,3,2,2,2,3,3,2,4,5,5,4,0,12,7
1015,2,1,1,3,3,4,4,2,2,2,2,2,4,4,4,4,0,12,7
1227,2,5,97,3,2,2,2,2,2,2,2,2,1,1,2,2,2,6,5
1352,2,13,97,2,2,4,2,2,1,2,2,1,4,2,2,1,0,12,7
1136,4,19,3,2,1,2,2,1,1,1,2,1,2,2,4,2,0,8,5
1291,1,13,1,4,4,5,4,3,1,2,2,2,4,4,4,1,-1,-1,7
944,4,1,1,4,2,4,3,2,1,3,4,3,-98,4,4,2,0,12,6
1310,2,16,-98,2,3,3,3,2,2,3,3,3,2,4,4,2,2,6,6
423,4,16,4,3,2,2,2,2,2,2,2,2,2,2,4,4,0,8,5
1636,4,16,5,2,1,2,2,2,1,2,3,1,1,2,4,1,2,6,8
1377,2,1,3,3,3,3,3,3,3,3,3,3,2,2,2,2,1,1,4
2211,4,4,1,1,1,2,3,1,1,2,4,1,5,4,4,2,0,12,5
82,2,1,4,3,2,2,3,2,2,3,3,2,2,2,4,2,1,6,4
515,2,4,3,4,3,3,3,1,2,3,2,1,2,4,4,2,0,8,4
587,4,16,-98,4,4,4,2,2,3,1,3,1,2,2,4,4,0,12,4
919,1,30,1,4,4,3,3,3,2,3,3,3,1,4,2,4,1,6,4
640,2,1,1,2,3,3,4,1,1,3,3,1,2,5,5,2,1,6,4
1259,4,11,3,2,2,2,5,1,1,1,1,1,1,2,4,2,0,8,4
1229,2,4,1,4,2,5,5,3,3,4,4,4,1,2,2,2,0,8,3
1948,2,13,1,3,3,2,2,3,3,3,3,2,4,5,5,1,0,8,6
1572,2,6,3,3,4,4,4,3,3,4,4,4,2,4,2,4,0,12,4
876,4,13,2,2,2,2,1,1,1,1,1,1,1,1,4,1,0,12,6
298,2,-98,-98,4,3,3,3,2,2,2,2,2,4,4,4,4,1,1,2
1288,2,4,4,2,2,3,3,2,2,3,3,2,2,4,4,1,1,6,2
784,4,11,4,4,4,4,4,4,3,2,3,3,2,2,4,2,0,8,3
2200,2,20,4,1,2,3,2,1,2,2,3,1,2,5,2,2,0,12,4
1664,5,36,97,1,1,1,1,1,1,1,1,1,1,1,4,3,-1,-1,8
620,4,16,1,3,2,2,2,2,3,2,2,2,2,4,2,1,0,12,4
673,4,1,5,1,4,1,5,1,2,2,2,1,2,4,5,4,1,1,7
340,1,1,1,3,3,2,4,3,3,4,2,2,1,4,2,2,1,1,3
1980,2,30,1,4,3,4,4,2,1,1,2,2,4,4,4,1,0,12,5
2537,4,5,3,4,2,3,3,1,1,2,3,2,2,2,2,2,1,1,4
259,4,11,4,3,3,3,3,3,2,2,3,2,2,2,2,4,1,6,4
1122,5,16,3,4,2,2,2,3,2,3,3,3,5,5,4,5,-1,-1,8
1531,2,11,1,4,4,4,3,4,2,4,4,2,4,4,4,2,0,12,1
2005,5,16,4,3,3,1,2,2,2,2,4,1,4,2,4,2,1,1,4
127,2,15,1,4,4,5,4,3,3,4,3,3,4,5,5,2,1,6,3
2162,2,1,1,3,3,3,3,1,2,1,2,2,4,2,2,4,0,12,3
1085,5,1,3,2,2,2,2,3,3,4,4,4,4,4,5,4,-1,-1,5
1715,4,13,3,4,3,2,2,2,2,3,2,2,1,2,2,2,1,1,3
735,2,16,3,4,3,2,2,1,1,1,1,2,2,4,2,2,1,6,5
1468,2,11,4,3,3,3,2,3,4,3,4,4,4,4,4,4,0,8,2
1415,4,13,3,5,3,3,5,1,1,2,1,3,4,1,2,4,1,6,1
471,2,1,3,3,3,3,3,1,1,2,2,2,4,4,2,1,0,12,5
1401,2,1,5,5,4,4,4,1,1,1,1,1,2,4,2,5,-1,-1,8
1588,2,5,1,2,4,3,2,2,2,3,3,3,1,4,2,1,-1,-1,4
291,5,1,17,1,1,1,1,1,1,1,1,1,5,1,5,1,1,1,3
234,4,1,1,4,4,4,4,2,3,3,2,3,4,4,4,4,1,1,3
563,1,36,4,4,2,4,2,3,2,2,3,3,4,4,4,5,0,12,5
2126,1,1,96,4,4,4,5,1,1,2,1,1,2,2,4,1,2,6,6
404,5,11,3,3,3,1,3,2,2,2,4,1,1,2,2,1,0,8,7
1360,1,1,1,1,5,5,5,4,3,3,4,4,5,4,4,5,-1,-1,7
1638,2,11,3,1,1,1,1,1,1,2,3,1,4,4,4,4,1,6,3
91,4,4,1,2,5,2,2,1,2,3,3,2,2,4,4,2,1,1,2
53,2,1,3,3,3,3,2,4,3,4,4,4,4,5,2,2,1,1,2
1821,2,4,1,4,4,4,3,2,2,4,3,3,2,2,2,2,0,12,7
950,2,4,3,4,5,4,4,2,2,3,4,2,5,4,2,2,0,12,3
1504,2,13,3,4,4,4,2,1,1,3,3,1,2,4,2,2,0,12,4
177,4,1,3,2,3,4,2,2,2,2,4,2,5,4,2,2,1,1,3
1492,4,16,3,4,1,2,3,1,1,2,1,1,1,2,2,1,1,1,5
324,4,16,3,3,3,3,2,2,2,2,2,2,2,4,4,2,0,12,6
2354,2,4,2,4,4,4,4,1,2,2,2,2,1,4,4,2,2,6,8
2022,2,-98,1,2,2,3,2,2,1,2,3,2,4,5,4,4,1,6,4
161,2,34,1,3,3,4,3,3,3,4,3,3,4,4,4,2,0,12,5
506,2,37,4,3,3,3,3,3,3,4,4,3,4,5,4,4,1,6,4
81,2,1,6,5,5,5,4,4,3,3,4,3,4,4,4,4,0,8,3
2385,4,1,3,4,4,4,3,4,2,3,3,3,4,2,4,5,0,12,3
1818,2,-98,4,3,3,3,3,4,4,-98,4,4,4,4,4,4,1,6,4
961,2,20,3,3,1,3,1,1,1,1,1,1,4,4,4,4,0,12,7
855,2,29,1,5,5,5,4,2,1,3,2,2,2,4,4,1,0,12,5
1710,2,34,1,3,3,2,2,3,2,3,3,2,5,5,4,4,-1,-1,8
1370,4,13,11,4,3,3,4,2,1,2,1,2,3,4,2,2,-1,-1,6
1625,5,13,16,2,2,2,2,2,3,3,2,2,2,4,1,1,0,12,3
123,2,11,6,2,1,2,2,1,1,2,3,1,4,4,4,4,1,6,6
564,2,11,1,2,2,4,2,1,1,1,2,2,4,4,4,2,0,12,7
1804,4,15,3,1,2,2,1,1,1,1,3,2,2,2,4,1,0,12,3
968,2,36,3,2,4,4,3,1,1,1,2,1,2,4,4,2,2,6,5
2443,1,19,3,4,4,2,2,1,1,2,4,1,1,1,1,1,1,6,4
2528,2,6,-98,5,3,4,3,2,3,2,1,1,5,5,5,5,1,1,4
943,2,36,1,2,2,2,2,2,2,2,2,2,2,4,2,1,0,8,1
1722,2,1,3,4,4,4,3,2,2,2,3,3,2,4,4,2,0,12,1
1574,2,13,1,2,1,2,3,2,2,3,3,2,2,1,4,2,0,12,7
1449,5,11,5,3,2,4,2,1,1,2,3,1,2,2,4,2,1,1,6
241,2,11,4,3,2,2,2,1,1,2,3,1,1,1,1,1,0,12,3
531,2,1,1,1,2,1,2,1,1,1,1,1,5,5,5,1,1,1,4
115,4,1,95,1,2,2,2,2,2,2,4,2,4,2,2,4,1,1,4
1660,2,11,2,4,2,4,4,1,1,2,3,2,4,4,4,2,-1,-1,7
1939,4,13,15,3,3,3,3,1,2,2,3,2,2,2,2,4,2,6,5
1717,2,19,1,3,2,3,3,3,2,3,2,2,4,5,5,1,0,12,7
706,4,11,4,1,2,2,2,2,2,2,2,1,4,5,4,2,0,12,1
447,2,13,2,4,4,4,4,1,1,1,2,2,2,2,2,2,1,1,1
2359,2,17,3,2,4,2,2,1,1,1,1,1,2,4,2,2,1,1,4
1513,2,11,4,2,2,4,3,3,2,2,4,3,2,2,2,4,0,8,1
1461,4,11,3,2,2,1,1,1,2,3,1,1,2,4,4,1,2,6,8
1799,2,1,4,1,2,3,3,1,1,1,2,3,4,5,2,2,1,6,4
529,2,36,11,2,3,3,3,1,2,2,2,1,4,2,2,1,0,12,5
72,4,1,3,3,3,3,4,1,1,1,3,1,1,1,5,2,1,1,4
834,2,1,1,2,3,2,3,1,1,4,3,2,2,4,4,2,0,8,6
1795,4,28,4,1,1,2,2,1,1,2,3,2,1,1,1,1,1,1,3
574,4,19,3,2,3,2,3,2,1,2,3,1,4,4,2,4,1,6,6
196,2,1,1,4,4,4,4,2,3,3,3,3,4,4,4,2,1,6,4
1941,2,19,-98,3,3,3,5,4,4,4,4,2,4,4,4,1,0,12,1
1409,2,35,3,3,3,2,2,3,1,1,1,1,2,4,4,1,2,6,8
1380,2,29,3,5,5,4,4,2,3,3,3,2,1,2,1,1,1,6,3
2557,2,35,15,4,4,4,4,3,4,1,1,1,2,5,1,2,1,6,5
2071,2,11,3,3,3,4,2,3,3,3,4,4,4,4,4,2,1,6,2
274,4,20,3,3,3,3,3,3,3,2,3,3,5,5,5,2,2,6,6
171,2,11,1,3,2,4,2,3,2,2,3,2,1,2,2,2,0,12,3
179,5,11,4,3,3,2,3,2,1,1,1,1,2,1,1,2,0,12,3
1247,2,-98,1,4,2,4,3,2,2,2,2,2,2,2,2,2,0,12,7
1114,5,16,4,2,2,2,1,2,2,2,2,1,2,2,2,2,0,12,3
508,2,13,3,3,4,4,3,4,4,4,4,3,2,5,4,4,1,6,4
328,2,17,3,1,-98,1,2,2,4,2,2,1,4,5,5,4,-1,-1,6
62,5,13,11,3,4,2,2,3,4,2,2,1,2,2,2,2,0,12,3
2056,5,16,1,1,1,1,1,1,1,1,1,1,5,5,5,1,0,12,3
2288,1,11,3,2,1,3,2,2,2,2,2,2,1,4,5,1,1,1,5
373,2,35,3,5,1,1,1,1,4,1,4,3,5,5,5,4,1,6,1
1161,5,29,4,5,5,4,2,2,1,1,2,1,2,4,4,1,-1,-1,4
1551,2,13,3,5,4,-98,-98,1,1,1,1,1,2,5,2,1,-1,-1,6
544,2,20,4,3,3,3,3,2,2,2,4,3,2,4,4,4,1,6,3
895,2,20,1,4,2,3,4,1,1,2,2,1,2,2,2,2,1,6,4
1613,5,1,11,2,2,1,2,2,2,2,3,1,4,4,4,2,0,12,6
188,2,16,1,4,3,2,3,1,1,2,1,1,4,4,4,1,0,8,3
1641,2,11,4,3,3,4,4,2,2,2,2,2,2,4,2,2,1,6,4
1472,2,37,3,4,4,4,2,1,2,2,2,3,5,4,4,2,1,6,2
1502,2,-98,3,3,3,3,5,1,1,1,2,1,2,2,2,1,1,6,4
674,4,13,1,4,4,4,4,2,1,3,2,1,4,4,4,2,0,12,5
2584,2,11,-99,3,3,-99,5,2,1,2,2,1,2,4,4,4,2,6,7
2390,2,16,-98,5,2,3,3,1,1,1,2,1,2,4,2,2,0,12,6
105,2,4,3,3,1,2,1,1,1,1,1,1,5,5,5,5,2,6,4
1581,2,1,3,3,5,3,1,2,1,2,2,1,4,4,4,1,1,6,4
1898,4,1,1,4,3,3,3,2,3,3,3,3,2,5,2,2,0,12,4
253,2,16,4,2,2,3,1,1,1,2,3,2,1,4,1,4,1,6,4
1436,2,36,3,5,5,4,5,2,1,1,2,1,4,5,4,5,0,12,6
487,1,28,1,5,5,5,5,1,2,1,2,1,1,4,2,2,0,12,7
1578,5,13,3,3,3,1,1,1,1,1,1,1,4,2,4,2,2,6,7
873,2,13,-99,3,3,2,5,1,1,2,2,1,2,2,2,1,0,8,8
1871,2,29,4,3,3,4,3,3,2,3,3,2,1,4,2,2,0,12,7
589,1,6,8,2,2,3,3,2,3,3,3,1,2,5,5,2,0,8,6
590,2,11,4,1,2,3,4,3,3,3,4,3,2,2,2,4,0,8,4
643,5,13,11,4,3,3,3,2,1,2,1,1,2,2,4,1,1,6,6
851,2,1,1,3,3,4,4,2,1,4,2,2,2,4,2,2,0,12,7
1691,1,29,4,4,3,4,3,1,2,2,2,1,4,1,4,4,1,6,4
1452,1,1,1,5,5,5,1,1,1,1,4,1,5,5,5,1,-1,-1,7
1937,2,26,97,2,2,2,2,4,4,4,4,4,4,2,4,4,0,3,1
55,2,1,3,2,1,3,4,3,2,4,3,2,4,2,1,1,0,12,4
671,4,-99,4,3,3,3,3,1,1,3,3,1,2,4,4,4,1,6,2
149,2,35,3,2,-98,3,3,2,3,3,3,3,2,4,4,4,0,12,4
584,4,37,3,2,1,1,1,3,3,1,4,2,5,5,4,4,1,6,4
1040,1,1,96,2,1,1,2,2,1,2,3,1,4,5,4,2,-1,-1,7
963,2,36,6,2,2,4,3,2,1,2,3,1,4,4,4,2,0,12,5
1811,2,13,6,4,4,4,2,3,2,3,2,2,2,4,2,2,1,6,5
381,2,20,3,1,2,3,4,2,1,4,3,2,1,4,2,2,0,12,7
585,2,1,1,2,2,3,3,2,2,3,2,1,2,2,2,2,0,8,8
650,2,13,5,4,4,4,4,4,3,3,1,3,4,4,4,4,0,12,5
1738,2,32,1,4,5,5,4,3,1,1,1,1,2,2,4,4,2,6,7
758,4,11,5,2,2,2,2,2,2,2,2,2,2,5,4,2,2,6,5
2319,4,1,3,3,3,2,2,2,2,2,3,1,2,2,2,4,-1,-1,6
1723,4,13,-98,3,4,3,2,3,2,3,3,3,2,5,4,1,2,6,8
907,2,5,1,5,5,4,5,1,1,3,2,1,4,5,4,2,0,12,8
109,4,13,2,2,1,1,1,1,1,1,1,1,5,5,5,1,1,1,8
2286,5,2,13,2,1,2,2,2,2,2,2,2,4,5,4,2,0,12,7
302,2,16,4,4,4,2,2,2,2,2,2,2,2,1,1,2,1,6,6
1398,2,13,3,5,5,3,5,2,2,2,1,2,2,4,4,1,0,12,7
364,5,32,1,5,2,4,2,1,1,1,1,1,2,4,2,1,0,12,7
86,4,11,3,2,2,2,2,2,1,2,4,1,1,2,2,4,0,8,6
1336,2,20,4,3,2,3,2,4,3,-98,3,2,5,5,5,5,1,1,7
922,2,-99,3,2,2,3,4,2,3,2,3,3,4,4,4,4,1,1,4
1491,4,36,1,5,5,5,5,1,1,2,1,1,1,5,1,5,0,12,4
1601,4,36,3,3,2,4,2,2,1,2,3,2,4,2,2,4,2,6,5
1485,1,20,3,4,3,3,3,3,3,3,3,2,2,4,2,2,1,6,8
2548,2,1,3,3,3,3,3,3,3,3,3,3,4,4,4,4,1,1,3
2343,4,16,-98,4,4,3,4,2,2,2,2,2,2,2,-98,2,0,12,7
483,5,20,96,2,3,2,1,1,1,1,1,1,1,2,1,1,0,12,5
848,2,32,97,3,2,3,3,3,3,4,2,2,2,5,4,2,1,6,5
1554,2,11,1,3,2,3,2,2,2,4,3,2,2,4,2,1,0,12,5
1018,2,32,2,2,2,2,2,2,2,4,2,1,2,4,4,4,0,12,5
558,4,17,-98,3,3,3,2,3,4,4,4,4,4,4,4,4,1,1,8
1179,4,32,1,1,1,1,1,1,1,1,2,3,-98,5,5,5,-1,-1,7
1865,4,16,-99,1,4,2,1,1,1,1,2,2,1,1,1,2,1,6,5
2388,4,19,1,1,1,1,1,4,1,-98,3,1,4,4,1,1,-1,-1,5
1244,2,1,1,2,1,3,5,1,1,3,3,3,4,4,2,4,0,12,7
85,4,16,1,4,4,5,5,3,3,4,4,3,1,1,1,1,1,1,4
982,2,29,1,3,3,3,3,1,1,1,1,1,2,4,2,4,0,8,8
1997,4,36,4,3,3,3,3,2,1,2,2,2,2,1,1,4,0,12,7
1087,4,13,1,5,4,2,5,1,1,1,1,2,5,5,5,5,-1,-1,4
1386,4,28,3,2,2,2,2,2,2,2,2,2,2,2,2,2,2,6,8
1573,1,1,1,3,3,2,2,1,1,3,1,1,4,5,4,1,1,1,4
1418,4,1,96,5,5,5,5,1,1,1,1,1,4,5,2,1,1,6,6
1647,2,1,1,1,1,1,1,1,2,1,1,1,5,5,5,1,1,1,4
1068,4,36,2,2,4,2,4,2,1,2,2,2,2,4,4,2,0,12,5
1918,2,16,2,5,2,2,3,3,4,4,3,3,2,2,2,2,-1,-1,7
65,4,16,6,3,2,3,2,2,1,3,2,2,5,4,4,1,0,12,7
1203,4,11,96,3,3,3,3,2,2,1,3,2,4,4,5,1,0,12,7
2105,2,36,1,2,2,2,2,1,1,1,1,1,2,4,4,2,0,12,8
441,4,16,1,4,4,4,2,1,2,1,1,1,1,2,2,1,0,12,6
1035,2,13,1,3,2,3,2,2,1,3,2,2,4,5,5,4,0,12,8
1769,2,30,-98,4,1,1,4,1,2,2,2,1,2,2,2,2,0,12,8
1991,4,36,97,4,2,4,4,2,1,3,3,1,4,2,4,4,0,12,5
1346,2,13,96,3,2,3,3,1,2,1,2,4,4,4,4,3,-1,-1,8
202,2,1,1,4,2,4,3,2,2,3,2,2,4,4,4,4,0,12,7
521,2,17,1,4,4,4,4,3,2,2,3,3,4,4,4,2,1,6,5
1752,2,16,96,2,2,1,1,1,2,1,1,1,1,1,2,1,1,6,5
709,4,1,2,2,1,2,1,3,2,3,4,3,1,4,5,1,1,6,3
271,4,1,1,2,4,1,2,1,1,1,2,1,1,1,1,1,2,1,6
1316,2,11,3,4,4,5,4,3,3,4,4,3,1,4,4,2,0,12,7
909,5,11,4,1,1,2,3,1,1,1,2,1,1,1,2,1,2,6,6
1658,1,6,1,5,5,5,5,1,3,3,4,3,1,5,5,5,-1,-1,7
1232,2,17,2,3,4,4,4,1,2,3,2,2,2,2,5,1,1,1,8
1608,2,34,2,4,4,3,3,4,1,4,4,1,4,4,4,-99,-1,-1,6
1626,1,1,3,3,3,4,4,3,3,3,3,3,1,1,2,4,1,6,2
1876,4,34,1,3,3,4,1,1,2,3,3,1,2,2,4,1,0,12,6
1729,5,13,5,2,1,2,2,2,1,1,1,1,1,5,5,5,-1,-1,7
1138,2,11,3,4,2,4,3,1,1,2,2,1,1,4,4,1,0,8,7
2325,2,16,3,3,2,4,3,2,3,4,3,2,2,2,4,4,0,12,3
1189,2,-99,2,3,2,4,3,2,3,3,3,3,2,4,4,1,0,12,7
431,2,4,3,5,5,4,4,3,3,3,2,3,2,5,4,2,1,6,5
80,2,17,3,3,4,4,3,1,2,2,2,2,2,2,2,4,0,12,5
2374,1,34,5,5,4,1,4,2,1,3,3,1,1,1,1,2,1,6,7
2300,2,1,2,2,4,3,2,3,3,3,3,2,2,4,2,4,0,12,5
213,2,1,3,1,1,2,2,1,1,2,2,1,1,2,4,1,0,12,8
1631,2,1,1,5,5,1,1,1,1,1,1,1,2,5,5,1,2,6,7
96,4,16,4,5,5,5,5,1,1,1,2,1,4,4,1,2,1,1,6
2257,2,1,2,4,2,3,2,2,2,3,2,1,4,4,4,2,1,6,8
517,4,16,-99,5,3,1,1,1,1,1,1,1,2,5,4,2,0,12,7
383,4,16,3,5,5,4,5,2,2,2,2,1,4,4,4,2,2,6,5
651,4,13,11,1,1,1,1,1,1,1,3,1,4,4,4,1,0,12,3
1148,2,5,3,4,3,3,4,2,3,4,4,3,2,4,2,4,2,1,6
312,2,36,1,3,2,3,2,2,2,2,2,2,2,2,4,2,0,12,8
2050,1,26,1,4,4,4,3,3,3,3,3,2,4,4,4,4,0,12,7
1923,2,20,3,4,3,3,2,2,2,2,2,2,2,2,4,2,0,12,5
1553,2,13,5,4,-98,3,3,2,2,2,2,2,5,5,5,5,-1,-1,5
408,2,11,1,4,3,4,4,2,1,2,3,2,1,2,2,2,0,12,6
781,2,16,1,3,3,3,2,2,1,1,2,1,5,5,5,1,1,6,8
1484,4,11,4,1,1,1,1,1,1,1,2,1,2,2,2,1,0,8,8
1098,2,13,1,1,1,3,1,1,2,2,1,1,2,4,5,1,-1,-1,5
562,2,19,2,4,2,4,3,4,3,4,3,3,4,2,4,2,1,6,5
1082,2,16,3,3,3,4,4,3,3,2,4,3,4,4,4,4,1,1,5
473,1,29,3,2,1,2,2,1,1,2,2,2,2,4,2,2,0,12,5
1907,2,29,17,2,2,3,3,3,2,3,3,3,2,4,2,4,0,12,7
434,4,1,1,4,2,4,3,2,2,2,2,2,2,2,4,2,2,6,3
1330,4,20,4,3,2,2,2,2,2,3,3,2,2,2,2,2,0,12,6
1584,2,32,4,3,2,2,2,4,2,3,2,2,2,2,2,3,-1,-1,6
2540,4,33,6,5,3,4,5,3,2,3,3,3,2,2,2,2,1,6,3
1624,2,16,3,2,3,2,2,2,2,1,2,2,1,2,1,1,1,6,3
1724,2,1,3,3,2,2,2,2,2,2,2,2,1,2,4,2,1,6,2
1704,4,34,2,1,1,2,2,1,2,1,1,1,2,4,2,2,0,12,5
1196,4,36,3,2,2,2,1,2,3,2,3,1,4,4,2,4,1,6,3
175,2,13,1,5,5,5,5,1,1,1,1,1,1,4,1,2,1,1,3
1756,2,20,-98,4,4,3,3,2,2,2,3,3,5,5,5,4,1,1,4
1582,2,19,2,3,2,2,2,2,2,2,2,1,1,1,1,1,1,1,1
110,2,36,8,4,2,3,2,1,2,1,1,2,2,5,2,4,0,12,1
399,2,1,1,3,2,2,2,3,3,3,3,2,4,5,4,4,1,1,6
828,5,16,4,4,1,3,3,2,2,2,3,2,2,4,4,2,0,12,8
1845,4,11,4,2,3,3,3,3,3,3,4,3,2,2,2,2,0,12,1
1512,2,96,4,3,4,4,4,3,3,3,3,2,4,4,4,2,1,6,4
1314,2,13,3,3,3,3,3,2,2,2,3,2,2,2,2,2,1,1,1
2191,2,11,96,2,2,2,2,1,2,2,1,1,2,4,4,2,0,8,6
1304,5,16,4,2,1,1,1,1,2,1,2,1,2,4,4,2,0,8,6
1797,2,13,1,4,5,5,3,2,1,3,3,1,4,2,2,2,0,12,3
1215,4,5,4,3,4,3,3,2,2,2,2,2,4,4,4,2,1,6,6
395,4,16,4,1,1,2,1,1,1,2,3,1,2,2,2,2,1,6,3
2159,2,96,4,4,4,3,3,1,1,3,2,1,1,2,4,2,0,12,5
1545,4,11,3,3,3,2,2,2,2,3,3,3,1,2,1,1,0,12,6
1565,2,1,1,1,2,3,2,1,1,3,1,1,1,2,1,4,-1,-1,5
1576,4,5,3,2,2,3,2,1,2,2,1,1,4,5,4,2,0,8,1
2264,4,11,4,3,2,3,3,2,2,3,2,2,5,5,5,5,0,12,8
477,4,18,3,2,2,1,2,1,1,1,2,1,1,4,2,4,2,6,7
1697,2,34,4,1,1,1,2,2,2,1,2,1,1,1,1,1,0,12,2
1765,2,32,4,3,5,4,4,1,1,1,2,3,1,5,5,5,1,1,2
2003,2,13,11,4,4,4,4,1,1,2,2,2,4,4,2,4,1,6,5
1633,1,11,3,4,2,4,3,2,3,2,3,3,2,4,4,2,1,1,6
367,2,20,3,2,1,1,1,1,1,1,1,1,2,5,5,1,1,6,4
407,2,-98,3,2,3,2,2,1,1,1,1,1,4,4,4,4,1,1,3
1731,2,1,3,4,3,4,4,3,3,3,3,4,4,5,5,1,2,6,6
1598,4,11,3,4,3,2,2,2,2,3,3,1,2,4,4,1,0,12,7
612,2,11,3,3,2,4,2,2,2,4,3,2,5,4,4,2,1,6,2
341,2,1,6,3,4,4,4,3,3,3,3,3,4,4,4,2,1,6,3
2179,2,16,3,1,1,1,1,1,1,1,1,1,2,2,2,1,0,12,4
380,2,13,1,4,4,4,4,1,2,3,2,1,2,5,4,1,0,12,8
819,4,-98,4,3,2,3,3,2,2,1,2,1,4,4,1,2,1,1,1
132,4,32,1,4,1,5,4,1,1,1,1,1,2,5,4,2,1,6,5
346,3,35,4,3,2,3,2,1,2,2,2,2,2,2,4,4,1,1,4
290,5,13,11,3,4,1,2,2,2,1,1,1,4,5,4,1,0,12,5
1100,1,11,1,3,3,5,3,3,4,4,3,3,4,4,4,2,1,1,4
1465,2,16,97,1,1,2,2,2,1,4,3,2,2,4,2,4,0,12,5
334,4,32,3,5,1,1,5,2,1,2,3,3,2,4,5,1,1,6,3
1928,2,1,3,4,5,4,4,1,1,1,2,1,1,4,2,2,1,1,1
513,4,11,96,2,2,2,2,2,2,2,2,2,2,2,4,2,0,8,8
512,2,17,1,5,5,2,2,1,1,1,1,1,2,4,2,2,2,6,6
719,4,16,3,2,2,2,2,4,3,1,4,4,1,1,1,1,1,1,1
1315,4,16,96,-98,2,-98,-98,2,2,3,3,2,4,5,5,2,2,1,8
1108,2,-98,4,3,4,3,2,2,1,3,3,2,4,5,5,2,0,12,2
172,2,5,3,4,4,4,4,3,2,3,3,3,2,2,2,1,1,1,4
570,2,36,3,-98,-98,3,3,3,2,3,4,3,2,2,4,4,1,1,1
1230,4,19,10,4,4,4,3,3,3,2,3,2,5,5,4,2,0,12,3
2346,2,1,3,5,5,5,1,1,1,4,3,1,5,1,2,1,-1,-1,6
254,4,11,3,5,2,3,5,1,1,1,1,1,1,2,4,1,0,12,8
1255,2,1,3,4,1,2,1,2,1,2,1,1,1,4,5,1,1,1,1
327,-98,16,-98,3,2,2,2,3,3,3,4,2,2,2,4,4,1,1,3
1906,1,1,1,4,4,4,5,3,3,3,2,2,5,5,4,1,0,12,7
2338,4,11,4,3,3,3,3,2,2,2,2,3,4,4,4,4,-1,-1,5
1146,4,35,4,1,1,1,2,1,1,2,3,2,4,4,4,4,0,12,6
699,4,96,97,1,1,2,2,3,2,1,2,2,1,2,5,2,0,12,5
421,4,11,3,3,3,4,4,2,2,3,3,3,5,5,5,4,1,13,3
1905,4,16,97,2,2,2,2,2,2,1,4,2,2,2,4,2,0,12,8
1739,1,29,1,4,4,3,2,3,4,4,4,4,4,5,2,4,1,6,2
2197,4,1,3,1,3,1,1,4,3,2,4,4,4,4,4,4,1,6,3
744,2,16,4,3,3,3,2,4,2,4,4,3,4,4,2,4,0,12,1
992,2,4,3,2,5,2,5,1,1,1,2,1,1,2,4,2,0,12,4
763,2,-99,4,2,2,2,2,1,3,2,3,1,2,2,2,2,1,1,1
981,2,13,3,2,2,2,2,2,3,2,2,3,5,5,5,5,1,6,2
2514,4,11,4,3,3,3,3,3,3,3,3,2,4,4,5,4,0,8,8
248,2,1,1,3,2,2,2,1,2,3,1,1,4,5,4,5,0,12,2
1560,4,11,4,1,1,4,4,2,4,3,3,3,1,4,1,2,0,12,3
1433,2,-98,-98,3,3,3,4,3,3,4,3,3,2,2,2,2,1,6,3
276,2,11,4,2,3,3,3,2,2,3,3,2,2,4,4,2,0,12,3
1337,2,11,3,3,2,3,2,3,2,4,4,3,4,5,2,4,1,6,1
887,1,1,1,2,3,3,3,1,1,1,2,2,1,5,4,1,0,12,3
764,2,1,1,3,3,3,3,2,2,2,2,2,2,4,2,2,0,12,5
1763,2,30,3,3,3,3,3,1,2,1,2,1,4,5,2,4,1,1,2
1785,1,-98,1,3,3,3,3,3,2,3,3,3,5,5,5,5,1,6,4
931,4,16,32,4,2,3,5,3,3,3,3,3,5,4,4,2,1,6,2
985,2,1,-98,4,4,4,4,1,2,2,2,2,4,4,4,2,1,6,3
994,2,-99,3,3,2,3,2,2,2,1,2,1,4,4,4,4,1,6,5
1712,2,29,2,2,3,3,3,2,2,2,2,2,4,4,4,4,0,12,1
136,2,1,1,2,2,3,2,1,1,3,3,2,4,4,4,2,1,1,4
1339,5,36,3,3,2,1,2,3,3,2,3,3,4,5,5,5,-1,-1,3
289,4,1,3,3,4,3,4,2,2,2,2,2,2,2,2,2,1,1,1
664,2,16,3,1,1,1,1,1,2,1,1,1,2,2,2,1,1,6,3
2133,2,13,17,2,1,2,2,1,1,1,1,1,2,2,4,2,1,1,3
967,2,13,1,2,4,3,3,3,3,3,3,3,4,4,4,4,1,6,4
1507,5,11,4,1,1,1,1,2,1,1,3,1,2,4,4,2,0,12,1
546,4,16,2,1,3,2,3,3,3,3,3,3,5,5,5,5,0,12,5
2521,1,17,1,3,2,3,3,1,1,2,3,1,2,2,4,2,0,12,8
2496,1,11,3,4,4,2,4,1,1,1,2,1,1,4,4,1,1,6,4
76,2,1,3,3,3,3,3,3,3,1,3,3,4,5,4,2,1,1,3
2500,5,13,3,5,4,4,3,2,2,2,2,2,4,4,4,4,1,6,4
1033,4,36,1,2,2,3,2,3,2,2,2,1,2,2,4,2,0,12,2
645,2,1,-98,3,3,3,3,2,2,2,2,2,2,4,4,2,2,6,8
476,4,16,4,1,2,1,3,1,3,2,2,1,1,1,4,1,0,12,1
1391,4,37,-98,3,3,3,3,3,3,3,3,3,4,4,4,4,2,6,6
1104,1,17,1,5,1,5,4,4,4,4,4,4,1,1,1,1,-1,-1,8
1784,2,16,3,3,2,4,4,2,2,3,2,2,1,2,2,2,0,12,6
1896,2,-98,3,2,3,3,3,2,3,3,2,2,2,4,2,4,0,12,2
2150,5,1,4,1,1,1,1,1,1,1,1,1,4,4,4,2,1,6,4
912,5,16,4,2,5,1,1,1,1,1,2,1,2,2,4,1,0,12,7
723,4,1,28,3,2,3,2,3,2,3,3,2,2,5,4,2,0,7,1
1364,2,30,1,3,3,3,3,3,3,3,3,3,5,5,5,5,1,6,1
1296,2,16,3,2,3,3,2,1,1,1,1,1,2,2,2,1,0,12,7
624,1,11,3,2,2,2,3,2,1,1,2,1,4,4,4,2,1,6,7
2495,5,13,13,4,2,3,3,3,1,4,3,3,4,4,4,2,-1,-1,3
75,2,13,4,2,1,2,2,2,2,2,2,2,2,2,2,1,0,8,6
424,2,20,1,2,4,4,4,1,4,2,3,3,5,5,5,5,0,12,5
1467,4,16,3,1,1,1,2,1,1,1,2,1,1,1,1,1,0,12,5
1771,2,1,1,3,3,2,2,1,1,2,1,2,2,4,4,2,2,6,6
1781,2,11,97,2,3,3,4,3,2,4,3,1,2,4,4,2,1,1,4
358,4,34,1,4,4,4,3,2,3,3,2,3,2,2,4,2,1,1,4
1982,2,11,3,4,4,2,2,2,1,3,2,1,1,2,1,1,1,1,1
1566,4,96,13,2,2,1,1,1,1,1,1,1,2,2,2,1,-1,-1,1
1245,2,6,1,2,2,2,4,2,1,1,1,1,4,4,4,4,0,12,2
106,4,16,3,2,3,2,2,2,2,2,2,2,4,4,2,4,0,12,5
1385,5,16,3,2,1,1,3,3,2,2,3,1,1,2,4,2,0,8,5
2547,2,11,4,2,2,4,4,3,2,3,3,3,4,4,4,4,1,6,2
975,2,13,11,5,5,5,5,2,4,3,3,3,4,4,2,4,0,8,6
1333,4,11,4,1,1,1,2,1,1,1,1,1,2,4,4,2,0,12,5
696,4,5,4,1,1,1,1,1,1,1,2,1,2,5,2,2,2,6,4
1901,1,11,3,4,4,4,2,1,1,4,3,1,2,4,4,2,0,8,4
1877,4,11,4,1,1,1,1,1,1,1,2,1,1,1,1,1,1,6,4
891,2,13,1,2,2,1,2,1,1,2,2,1,4,4,2,4,0,12,5
1313,4,11,4,3,3,3,3,2,3,4,3,2,2,2,1,4,1,1,1
712,4,11,4,2,3,4,4,4,3,3,4,3,2,4,4,4,1,6,2
991,2,4,3,4,4,4,4,3,3,3,3,2,5,4,4,4,1,6,4
554,4,20,4,2,1,2,2,1,2,1,3,1,2,4,4,5,1,1,4
1552,5,11,4,2,2,1,1,1,1,1,1,1,5,5,5,1,-1,-1,5
947,4,11,3,3,3,4,3,1,2,2,1,1,4,4,4,2,1,6,5
1824,4,36,-98,3,1,1,2,1,1,1,1,1,4,4,4,2,0,8,8
606,2,4,2,4,4,4,5,1,1,1,1,1,5,5,4,1,0,12,6
757,4,13,3,2,1,2,2,3,2,2,1,1,5,4,5,1,0,12,1
2470,2,13,3,1,5,2,2,1,1,2,3,2,4,4,4,1,-1,-1,5
1758,2,11,4,3,3,3,2,2,2,2,2,2,2,2,2,2,0,8,2
817,2,5,11,-98,4,3,-98,3,3,4,2,2,2,4,4,2,1,1,6
1389,2,30,3,1,2,2,2,1,1,1,2,1,4,5,4,5,-1,-1,5
1250,2,11,4,4,4,3,3,2,2,2,2,2,1,1,2,2,0,12,6
1220,2,1,3,3,2,3,2,2,1,3,2,1,1,2,4,2,0,12,6
1869,4,16,4,2,1,2,2,1,2,1,3,2,4,4,4,4,1,6,4
1199,2,37,3,2,3,4,4,3,2,2,2,2,5,5,5,5,1,1,4
1399,2,96,1,4,3,4,4,3,3,4,3,4,4,4,4,4,0,8,1
1596,5,5,3,3,2,3,1,1,1,1,3,1,1,2,2,1,0,12,6
1959,2,16,96,5,3,3,5,1,2,1,1,1,4,5,5,1,2,6,8
440,1,29,3,4,3,4,3,3,3,3,3,3,2,4,2,4,0,8,7
707,4,4,3,4,3,3,3,2,3,2,2,2,2,4,2,1,1,6,4
1456,2,30,3,3,4,3,2,2,2,3,2,2,4,5,4,2,2,6,5
264,4,1,3,3,2,2,2,2,1,3,3,2,4,4,5,2,0,12,7
811,4,36,1,3,2,4,4,3,2,2,3,4,5,5,5,1,0,12,8
692,4,11,1,3,3,3,2,3,3,3,3,2,2,2,2,1,1,6,3
1124,4,11,4,2,2,2,2,1,1,3,3,2,4,5,5,2,0,12,8
1839,2,96,2,3,2,3,4,3,3,3,2,3,4,2,4,2,2,6,7
571,1,16,3,2,2,2,1,3,2,2,3,1,4,4,2,1,1,6,6
432,2,32,1,2,2,3,2,2,2,2,3,2,2,2,4,2,2,6,5
548,2,11,4,2,5,2,2,2,2,3,3,1,4,4,4,2,0,7,1
2266,2,1,10,1,1,1,1,2,2,1,2,1,1,1,2,1,1,6,5
2462,2,1,1,1,3,2,1,2,3,3,4,4,1,4,2,4,1,6,1
2614,2,11,-98,3,3,3,2,2,2,3,3,3,5,5,5,1,2,6,4
1497,2,36,-98,2,2,2,2,3,2,2,3,2,2,4,4,2,1,13,6
1408,4,19,3,3,2,3,4,3,3,4,4,2,4,4,4,1,0,12,6
323,2,1,6,2,4,4,4,4,4,4,4,4,4,4,4,4,1,6,3
2160,4,19,6,2,3,2,2,2,3,2,2,3,4,5,5,2,1,1,7
2081,4,1,3,1,5,1,1,1,1,1,1,1,5,5,5,5,1,6,7
1297,2,1,3,2,2,3,2,1,1,1,1,1,2,2,4,2,0,12,5
2404,2,16,-98,3,3,3,2,2,1,3,3,2,1,1,4,1,2,6,6
999,4,1,1,5,2,3,3,2,1,1,1,1,2,1,1,2,0,12,7
1320,2,13,1,2,2,2,4,1,1,1,1,1,4,4,1,2,1,6,3
1463,4,16,1,2,2,2,2,2,2,2,4,2,4,4,4,4,0,12,3
996,4,1,2,2,2,3,3,2,2,2,2,2,2,2,4,1,0,12,6
966,4,1,3,4,4,4,4,2,2,2,2,2,4,4,3,3,2,1,8
1770,4,16,4,2,2,2,2,2,2,2,2,2,2,2,5,1,1,1,5
2583,2,96,1,1,2,4,3,1,2,2,4,3,1,4,4,5,0,12,1
868,2,16,6,5,2,3,2,1,2,2,1,1,2,1,2,1,0,12,8
392,4,16,17,1,2,1,1,2,2,2,3,1,2,2,4,2,0,12,3
1668,2,11,3,3,3,4,3,3,3,3,4,3,1,4,2,4,0,8,5
1685,1,16,1,3,4,2,5,3,3,3,3,3,5,4,1,2,1,1,4
631,2,35,4,3,2,3,2,2,2,2,2,2,4,4,4,2,1,6,4
2252,2,-98,1,3,4,4,3,2,3,-98,3,3,2,4,4,2,1,6,4
768,2,4,4,2,2,2,2,1,1,2,1,3,4,4,4,4,1,6,4
1838,4,16,4,1,1,1,2,2,1,2,3,1,2,4,4,2,0,12,7
956,2,16,2,5,5,3,3,1,1,1,1,1,4,4,4,1,0,12,6
77,5,1,1,3,3,3,3,1,1,2,1,1,2,4,2,1,1,6,6
270,4,1,6,1,1,1,1,1,1,1,1,1,5,5,5,5,1,6,6
1526,2,11,3,4,5,4,5,3,3,3,3,1,4,4,4,2,0,8,8
2519,2,16,1,4,3,3,3,1,1,1,2,1,1,2,2,2,0,8,6
1788,4,16,1,4,2,2,2,2,2,2,3,2,2,4,2,1,1,6,8
212,4,16,3,3,4,3,2,4,3,2,4,4,5,4,5,4,1,6,8
1141,4,11,3,2,1,2,2,1,2,1,2,1,1,1,4,1,0,8,8
307,2,16,3,3,3,3,3,2,2,2,2,2,2,4,4,2,0,12,3
1947,2,11,3,4,4,4,4,4,3,4,4,4,1,3,2,4,0,12,5
2166,2,1,1,5,2,4,4,1,2,1,3,2,4,5,2,1,1,6,2
1437,2,36,1,2,2,2,3,2,2,2,2,2,2,5,4,2,1,1,6
184,2,13,3,2,3,3,3,2,3,3,3,2,4,4,4,4,1,1,2
1252,2,4,3,3,3,3,3,2,4,2,3,1,4,4,4,2,0,12,4
1990,2,1,96,3,2,2,3,4,3,4,4,1,1,1,1,1,0,12,4
214,5,1,3,2,2,1,2,2,3,1,2,2,4,4,4,2,0,12,5
2356,2,20,4,4,4,4,4,2,2,2,2,2,4,4,4,4,1,1,3
1882,2,16,3,2,3,3,2,3,3,3,3,2,2,4,2,2,1,6,6
2014,1,13,3,2,1,1,2,1,1,1,1,1,4,4,4,1,0,12,6
2477,2,11,5,5,5,3,5,3,2,3,3,3,3,4,3,2,1,6,4
1927,4,13,36,2,2,1,2,1,1,2,1,1,2,2,2,2,0,12,7
1445,1,34,2,3,1,2,2,2,1,-98,2,1,4,4,4,4,-1,-1,5
1009,4,13,3,2,1,1,2,2,1,2,1,1,4,5,4,5,-1,-1,7
900,4,13,3,3,5,3,2,1,1,3,2,1,4,4,4,2,0,12,6
427,2,16,-98,4,4,4,3,2,1,4,2,2,4,4,2,4,1,6,2
1684,2,13,1,3,3,3,3,2,2,1,2,2,4,4,4,4,2,6,8
539,2,5,3,3,3,3,3,2,2,3,3,3,5,5,5,4,1,6,4
1379,2,17,-98,4,2,4,3,2,2,1,1,1,4,4,2,2,0,12,3
1747,4,16,3,2,5,2,5,1,2,1,1,1,1,2,4,1,0,8,8
1424,4,1,3,2,4,2,2,2,3,2,3,2,2,5,2,2,0,12,6
1016,5,13,2,5,5,3,5,1,1,2,1,1,4,4,4,1,0,12,8
1953,4,5,97,3,2,2,3,2,2,2,2,2,2,2,2,1,1,1,6
1988,4,96,97,3,3,3,3,3,3,3,3,3,4,5,4,4,0,12,1
397,4,18,1,2,2,2,1,2,1,3,3,3,1,1,1,1,1,1,3
1388,2,1,13,3,3,4,3,3,2,3,4,4,4,4,4,2,-1,-1,1
1169,1,36,1,5,3,4,3,4,4,4,1,3,2,5,5,4,0,12,7
915,4,-98,-98,3,3,3,2,3,3,3,3,3,4,4,2,2,1,6,2
2278,4,-99,11,2,2,2,2,2,2,2,2,2,2,2,2,2,0,12,4
1126,4,1,3,3,2,2,2,3,2,2,3,2,2,2,2,2,0,12,5
2072,4,13,3,4,5,2,1,2,4,2,3,4,2,4,4,2,-1,-1,6
197,4,13,1,3,2,2,2,1,1,2,1,1,2,4,2,2,0,12,6
1017,4,20,3,3,3,2,2,3,2,2,3,2,2,4,2,4,0,12,3
2240,2,96,3,3,5,3,3,1,1,1,2,2,2,4,4,2,1,6,2
446,2,-98,2,3,3,3,3,2,3,3,3,3,4,4,4,4,0,12,2
1830,1,13,1,4,4,5,4,1,1,4,1,3,2,1,2,4,2,6,5
1351,1,13,3,4,4,4,4,2,1,1,2,3,4,4,4,4,-1,-1,8
1508,2,16,1,3,3,2,2,1,1,3,2,3,2,4,1,2,0,12,5
90,2,1,1,1,1,2,2,2,2,3,1,1,4,4,2,2,1,1,5
1027,2,16,3,3,3,3,3,3,2,3,2,2,4,4,4,4,0,8,8
542,4,1,3,2,2,2,1,1,1,1,1,1,2,4,2,2,1,1,3
1649,2,96,1,3,3,3,3,1,1,1,1,1,2,4,4,2,0,12,6
2425,2,11,4,2,1,3,2,2,1,2,1,1,4,4,4,4,1,6,2
594,4,4,3,3,3,3,3,3,3,3,3,3,4,4,2,2,1,6,2
164,4,1,-98,5,5,4,4,1,1,2,1,1,1,2,5,2,0,12,8
1144,4,13,6,4,3,2,2,1,1,3,2,2,2,4,2,2,0,12,6
1057,1,13,1,4,2,4,4,3,3,3,3,3,4,5,4,2,2,6,7
685,2,96,1,4,2,3,3,2,3,3,3,2,2,5,4,2,1,6,2
1239,2,13,11,3,3,3,2,1,2,2,2,1,4,4,4,1,0,12,6
1503,4,11,3,4,2,4,2,2,2,2,3,2,2,4,4,2,0,12,3
491,4,16,2,4,3,2,2,1,1,1,1,1,4,4,5,1,1,1,4
187,2,1,1,3,2,2,3,1,1,3,4,2,4,4,4,4,0,12,7
1650,4,1,1,2,3,3,3,3,2,2,2,2,2,4,2,4,0,12,5
1103,1,-98,-98,3,4,4,2,1,1,1,1,1,2,4,2,1,1,6,4
1256,4,4,1,2,1,1,1,1,1,1,1,1,2,2,4,1,0,12,5
626,2,1,11,2,3,3,3,1,3,2,3,3,5,5,5,2,1,6,3
318,2,1,1,1,2,2,4,3,3,3,4,4,2,4,1,1,0,8,2
1952,1,1,3,4,2,3,4,1,1,3,3,2,5,5,4,4,1,6,2
1064,2,16,1,2,5,2,1,1,1,1,1,1,2,1,1,5,-1,-1,8
1541,5,8,1,5,3,4,3,1,3,2,3,2,1,1,5,4,-1,-1,7
799,4,11,3,2,1,1,1,1,1,1,1,1,1,4,1,2,0,8,8
1532,2,1,3,3,4,4,4,3,1,3,1,4,4,4,4,1,-1,-1,6
2184,2,16,97,3,3,3,2,1,3,3,2,2,2,2,1,2,1,1,3
1275,2,-98,3,3,3,3,2,3,3,4,3,2,1,2,1,1,1,6,2
2262,5,13,8,2,1,4,2,2,2,1,2,1,1,1,2,1,2,6,5
955,2,17,2,4,5,3,3,1,4,3,3,1,4,5,5,1,1,6,3
528,4,4,3,2,3,3,3,3,3,2,2,2,2,4,2,4,1,6,3
1481,2,4,3,3,3,4,3,2,2,2,3,1,4,4,2,2,1,6,3
418,2,20,3,3,2,2,3,4,3,2,4,1,2,4,4,5,1,1,1
523,4,4,4,3,3,2,2,1,2,1,1,1,5,5,5,2,0,12,5
2040,1,1,1,2,2,4,4,1,1,2,2,2,1,2,2,1,-1,-1,3
850,2,11,4,2,3,2,3,2,2,3,3,3,2,4,4,4,0,8,4
231,4,1,4,3,3,3,4,3,2,2,3,3,4,4,2,2,0,12,4
1776,4,4,3,2,3,3,3,3,3,2,3,1,1,2,2,1,0,8,2
139,2,1,4,3,2,4,2,3,3,3,4,3,1,2,1,2,1,1,3
1382,4,1,97,1,1,1,1,1,1,2,1,1,2,2,1,1,1,1,3
1000,4,11,3,4,3,4,3,2,3,1,3,1,2,1,4,1,0,12,7
1248,2,13,24,3,4,3,3,2,2,2,2,1,2,4,2,4,0,3,7
1533,2,19,97,3,3,3,3,2,2,4,4,2,5,5,5,1,0,12,3
2128,4,27,97,3,2,2,5,2,2,2,3,2,2,2,4,1,1,1,4
369,4,1,3,3,3,3,4,3,3,3,3,2,2,4,4,2,0,12,8
822,4,16,3,1,2,2,1,2,2,2,2,1,2,4,4,2,0,8,7
1477,2,36,1,1,3,2,1,2,2,1,1,1,1,2,2,1,1,1,3
1478,4,16,32,2,1,1,1,1,1,1,4,2,1,4,4,1,0,12,8
1404,2,17,1,5,3,2,3,1,1,1,2,2,4,4,4,4,2,6,7
1119,2,11,3,2,-98,3,2,2,1,2,2,1,4,4,4,5,-1,-1,7
1116,2,1,3,3,3,3,3,1,1,2,1,1,4,4,5,1,1,1,6
1139,2,36,3,4,1,4,4,1,1,4,1,1,4,5,5,2,2,6,5
1007,2,20,-99,3,3,3,3,1,1,2,1,1,4,5,5,2,1,1,6
1054,1,1,1,3,4,4,4,3,2,4,3,3,2,2,2,1,0,12,3
138,1,30,97,3,2,1,1,1,2,2,2,2,4,4,4,2,1,1,3
1956,2,11,3,2,2,3,3,4,4,4,4,4,2,4,5,4,0,12,2
871,2,13,1,4,4,4,4,3,4,3,2,2,5,5,5,1,0,12,6
429,2,1,-98,3,3,3,3,1,1,1,2,1,4,4,4,2,0,12,6
1745,2,16,6,1,1,2,2,1,1,1,1,1,2,4,4,1,0,12,7
1528,2,32,1,5,4,4,2,2,1,2,4,1,2,5,4,4,-1,-1,7
1284,4,11,3,2,2,2,3,2,2,2,2,2,4,4,4,2,0,8,3
1471,4,11,3,3,5,2,5,2,1,2,2,2,1,1,1,1,1,6,4
1706,5,20,3,3,3,1,2,2,2,1,2,2,2,4,2,1,1,1,3
776,5,1,6,2,4,2,2,3,3,1,4,1,4,5,2,1,1,1,3
1235,2,1,2,4,4,4,3,2,3,3,4,3,4,4,4,2,0,12,1
1458,4,13,1,2,1,1,1,1,1,1,1,1,1,1,1,1,1,1,5
1930,4,1,1,4,2,3,3,1,2,2,1,1,2,4,2,1,0,12,7
246,1,16,3,5,5,5,5,1,1,1,1,1,5,5,5,5,1,6,1
1609,3,11,4,1,2,1,2,2,3,2,3,1,2,4,5,2,-1,-1,7
2437,4,5,3,2,4,3,3,2,2,1,2,2,4,5,4,4,0,12,5
1282,2,11,3,4,4,4,2,3,2,2,3,3,2,2,2,2,0,8,5
957,4,4,-98,2,-98,2,2,1,3,1,-98,3,2,2,2,4,0,12,1
1420,2,1,3,4,4,2,2,2,2,2,2,1,2,2,2,2,1,6,3
655,4,11,4,4,2,2,1,3,2,1,4,1,2,2,5,2,0,8,4
285,4,36,6,2,2,4,2,1,1,1,1,1,1,5,5,1,2,6,8
230,2,32,4,2,4,2,2,2,2,2,3,2,4,4,4,4,0,12,2
283,4,29,3,4,5,4,4,1,1,1,1,1,1,1,1,1,1,6,3
1430,2,37,4,4,3,4,2,2,2,3,4,2,4,5,4,1,0,12,7
2231,2,1,97,3,2,3,3,2,3,2,2,4,4,4,5,2,0,12,7
1786,2,-98,1,3,3,5,5,3,3,4,4,4,4,5,4,4,0,12,5
1708,2,4,3,2,2,2,2,2,1,2,2,2,4,4,4,4,1,1,1
1338,2,16,6,1,1,2,2,2,2,2,3,2,1,2,2,2,0,12,7
1847,4,16,4,2,3,2,1,1,2,2,1,1,2,2,4,2,1,6,6
158,4,13,11,3,4,5,5,3,1,2,3,3,1,2,2,2,2,6,7
1754,2,1,4,2,2,3,2,2,2,2,3,1,2,2,5,4,0,12,6
73,4,15,1,1,1,4,4,3,3,3,4,3,4,2,1,1,0,8,3
808,2,4,1,3,2,3,3,2,2,1,1,2,4,2,2,1,1,6,4
361,2,17,4,2,3,4,2,2,2,3,1,1,2,4,4,2,0,12,4
1543,4,1,-98,3,2,4,3,2,2,2,2,1,2,4,4,2,0,12,3
2549,2,-98,-98,2,2,1,2,2,2,3,2,1,2,4,2,1,-1,-1,8
759,2,1,-99,2,2,4,2,3,1,3,3,2,1,2,1,4,0,12,4
1827,2,1,95,2,1,2,2,2,1,2,2,1,1,4,5,4,0,12,8
1857,4,16,3,1,1,1,1,1,1,1,3,1,4,4,4,1,0,12,1
731,5,1,97,2,1,2,2,1,2,1,3,2,2,2,2,4,1,1,5
1327,2,96,3,2,3,2,2,2,2,2,3,3,2,4,4,2,1,1,1
1295,2,13,1,5,2,3,3,2,2,4,3,1,2,2,2,1,0,12,3
953,5,13,1,3,3,2,2,3,4,3,3,2,4,5,5,4,0,12,3
1521,2,34,3,2,2,3,2,1,2,1,3,1,2,4,1,1,0,12,5
386,4,1,3,4,2,1,2,1,1,1,1,1,2,4,4,2,0,12,8
837,4,35,4,2,1,3,2,2,1,2,3,2,2,4,2,4,1,1,2
1702,2,16,-98,5,5,5,5,1,1,1,1,1,4,4,2,2,0,8,2
1943,4,32,1,2,3,2,2,2,2,2,3,2,2,4,4,-99,0,12,8
1376,5,11,97,2,2,1,2,2,2,2,2,1,4,2,3,1,-1,-1,3
634,2,20,3,1,1,1,1,1,1,1,2,1,2,4,4,1,1,1,4
559,2,36,1,4,3,4,4,3,3,3,3,3,4,4,4,4,0,12,5
614,2,4,1,2,2,2,2,1,1,1,1,1,2,2,1,2,1,6,2
1915,1,11,3,2,2,4,5,2,1,1,1,2,2,1,4,1,1,1,6
1860,2,16,96,1,3,2,1,2,2,2,2,2,2,2,4,2,0,12,5
823,2,36,6,3,3,3,3,1,1,2,3,2,1,1,1,2,0,12,5
236,2,4,5,5,3,2,2,2,2,2,2,2,4,4,4,2,1,1,6
1413,2,13,1,4,2,4,4,2,2,4,2,2,4,4,4,1,0,12,7
396,2,13,1,3,4,4,3,2,1,2,2,1,2,4,4,2,1,6,6
1397,2,16,3,2,2,2,2,3,2,2,2,1,2,2,2,2,1,6,6
83,4,11,4,2,2,3,3,3,2,3,4,2,2,5,4,2,2,6,8
2339,4,1,-98,4,1,1,2,2,2,1,2,1,1,1,5,1,1,1,7
1954,2,5,4,2,1,3,2,2,2,3,2,2,2,4,4,2,0,12,4
1961,2,1,1,4,2,3,3,1,1,2,3,1,4,4,2,4,-1,-1,8
297,4,1,1,3,2,3,1,1,1,1,1,1,2,2,2,2,1,1,2
2454,2,16,5,3,3,3,3,2,2,4,2,2,4,4,4,4,0,12,5
2361,5,1,1,4,4,3,3,3,1,1,3,3,2,4,4,4,-1,-1,7
2172,4,6,4,3,2,4,2,2,1,2,3,1,4,4,4,4,0,12,1
173,4,11,3,3,3,2,2,2,2,2,2,2,4,4,4,2,2,6,3
795,4,4,15,2,1,2,3,1,1,2,2,2,2,4,4,2,0,8,1
1524,4,19,6,3,2,2,2,1,2,2,2,2,4,5,4,2,0,12,7
2103,2,13,96,3,4,3,3,1,2,3,2,2,5,5,5,5,-1,-1,7
1152,2,1,1,4,4,4,4,1,1,1,1,1,1,2,2,1,0,12,1
2527,4,32,4,2,2,4,2,1,2,4,3,2,2,4,4,1,0,8,3
486,4,17,32,4,4,3,3,3,3,4,4,3,5,5,5,4,1,1,2
356,5,32,6,1,1,1,1,1,1,1,1,1,2,1,2,1,1,1,3
193,4,11,3,3,1,2,2,2,1,1,3,2,4,2,2,4,1,1,5
413,2,32,1,4,3,4,3,3,3,3,3,3,2,4,2,4,0,12,4
2263,2,29,1,5,5,4,5,2,2,3,4,2,2,2,1,1,0,12,7
1819,2,30,1,2,2,3,3,3,2,4,2,2,2,4,4,4,0,12,5
84,2,1,1,4,3,4,4,3,1,3,3,2,2,2,1,2,0,12,3
910,2,20,-99,3,2,3,3,1,2,1,1,1,4,4,4,2,0,12,5
205,4,13,1,4,4,4,3,2,1,3,2,2,2,5,4,2,1,6,3
470,4,36,3,5,4,4,4,2,2,3,2,3,4,4,4,4,0,8,8
1642,2,-98,-98,-98,-98,3,3,-98,-98,-98,-98,-98,2,2,-98,3,1,1,6
451,4,16,4,2,5,2,5,1,1,1,2,1,4,4,4,2,1,1,5
219,2,-98,3,3,2,4,3,1,2,2,2,2,2,2,4,2,2,1,6
946,4,4,-98,3,3,2,1,1,2,2,3,1,1,2,1,2,0,8,3
1236,4,20,4,2,1,2,2,3,1,1,3,2,5,4,5,1,0,12,7
1751,2,96,3,3,3,3,3,1,1,1,1,1,2,4,4,2,0,8,7
1158,2,16,1,4,4,4,4,4,4,3,3,3,2,4,5,5,-1,-1,7
1023,2,13,11,3,2,4,2,3,3,3,3,3,4,4,4,4,0,12,7
129,4,28,1,3,3,4,3,3,1,3,3,3,2,2,2,2,1,1,1
1659,4,13,97,1,2,2,1,2,3,4,2,3,4,5,4,5,-1,-1,5
617,5,11,3,2,1,1,2,1,1,1,2,1,2,4,2,1,0,8,7
1841,2,6,4,1,3,2,3,3,3,3,3,3,2,2,4,2,1,1,3
1425,5,16,13,5,4,1,1,1,1,1,1,1,1,1,1,1,-1,-1,8
2340,2,-99,1,4,4,4,3,3,3,-99,4,3,4,4,4,5,-1,-1,7
1003,4,1,4,4,4,4,5,3,3,3,4,4,2,4,2,2,0,12,7
1766,2,5,3,1,4,3,3,1,1,1,1,3,2,2,4,2,1,6,6
1476,2,5,1,2,2,4,4,2,2,3,3,3,2,2,2,4,0,8,2
1782,4,32,2,3,3,2,2,1,2,1,2,2,2,2,2,-98,1,6,6
716,2,11,3,3,3,2,2,2,2,2,3,2,4,4,4,4,1,1,5
176,4,11,4,2,1,2,3,2,1,2,3,2,2,4,4,4,0,12,5
2322,4,16,4,5,4,2,5,2,2,2,2,2,2,4,4,2,0,8,8
1474,2,1,1,3,3,4,4,3,2,3,3,3,4,4,2,4,1,1,3
2611,2,16,1,2,2,2,2,2,1,2,3,1,1,1,1,1,2,6,3
1469,4,-98,3,2,1,2,3,3,2,2,2,1,2,1,2,4,1,1,1
786,4,11,4,3,3,2,2,2,2,3,3,2,4,2,4,1,1,6,2
255,4,11,4,4,1,1,2,2,2,1,3,1,4,4,4,2,0,8,4
856,1,36,1,3,1,2,1,2,2,2,2,2,4,4,4,2,0,12,3
277,2,1,3,3,2,3,2,3,2,2,3,2,2,2,2,2,0,12,1
1699,2,1,1,3,2,3,3,2,2,1,2,2,4,2,2,2,1,6,1
29,4,5,4,4,3,4,3,2,1,2,2,2,2,4,2,2,0,8,1
87,4,16,4,1,1,1,1,1,1,2,4,1,2,4,4,5,1,1,1
1993,2,-98,3,2,1,2,3,1,1,2,2,2,2,1,2,2,1,6,1
118,4,16,20,1,1,2,1,3,3,1,1,1,2,4,2,4,1,1,2
437,4,11,4,2,3,2,1,2,2,2,3,2,4,4,4,2,0,12,1
1367,4,11,4,3,3,2,2,2,3,2,3,3,2,2,4,4,0,12,4
1611,2,1,3,3,2,2,2,2,2,2,2,2,4,4,4,2,2,6,4
183,4,20,4,2,2,1,1,1,1,1,2,1,4,4,4,4,0,12,3
316,2,36,1,2,3,3,2,2,3,3,4,1,4,4,2,1,0,8,2
1326,2,5,1,3,3,3,3,2,2,2,2,2,2,4,4,2,1,6,4
749,2,37,4,-98,3,3,3,3,1,3,3,1,4,5,5,2,1,6,1
190,2,14,3,4,5,5,5,1,1,2,3,2,4,2,2,4,0,12,1
1945,4,11,3,1,1,2,2,3,2,3,3,3,2,4,4,4,1,6,4
1994,2,30,-98,3,3,4,3,3,2,4,3,3,4,4,1,5,1,6,3
1908,2,1,-99,5,5,4,5,1,1,1,2,1,2,4,4,1,0,12,2
100,4,16,4,1,1,1,1,1,1,1,1,1,4,4,4,2,0,12,1
1630,4,4,3,4,4,4,4,3,3,4,4,2,2,2,2,2,1,1,4
1265,2,37,3,3,2,2,2,3,2,2,4,2,1,1,1,2,0,12,6
637,2,29,1,4,2,4,2,3,3,3,3,2,1,1,1,1,1,6,3
2136,4,20,4,3,2,4,4,2,2,2,3,2,2,5,4,2,0,12,4
1362,2,20,3,4,3,3,3,1,1,2,3,2,4,4,4,2,1,1,2
209,4,13,1,3,5,2,2,2,3,1,3,2,4,2,2,1,1,1,5
460,5,11,4,1,1,1,1,2,1,1,3,2,2,4,4,4,0,12,3
830,4,17,1,2,2,4,5,2,2,1,3,2,4,4,4,2,0,12,3
426,4,36,1,2,2,2,3,2,2,2,2,2,2,2,2,2,0,12,3
394,4,16,3,2,3,3,1,3,2,2,4,3,4,4,4,4,1,6,6
1331,5,1,3,5,3,3,2,1,1,1,1,1,1,5,2,1,0,8,3
2315,2,16,5,2,2,3,2,2,3,4,3,2,1,2,1,2,1,1,3
2551,2,17,3,3,3,3,3,2,2,2,2,2,4,4,4,4,1,6,2
1198,2,4,3,3,2,3,3,2,2,4,3,3,2,2,4,4,2,6,6
556,2,12,4,3,3,3,3,1,1,1,1,1,1,4,2,2,0,12,3
457,2,13,4,2,1,3,2,1,1,2,3,1,1,1,2,1,1,6,3
1283,2,16,3,2,3,2,2,3,2,3,4,3,2,2,2,4,0,8,1
867,2,19,5,4,1,4,3,3,2,4,2,2,2,2,2,2,0,8,6
218,2,16,1,2,3,2,3,3,2,3,2,2,4,4,4,4,1,6,3
1366,4,1,2,1,5,5,1,1,1,2,1,1,4,5,4,2,1,6,6
2020,2,19,1,-98,3,-98,-98,1,1,2,1,1,2,-98,2,2,2,1,4
88,2,5,1,2,2,2,2,1,1,2,2,1,4,4,4,2,0,12,3
1216,4,1,-98,1,1,1,1,1,1,1,3,1,1,4,4,1,1,1,4
468,2,11,4,3,3,3,2,3,3,3,3,2,2,5,4,2,0,12,4
1640,4,1,3,3,3,3,3,1,1,1,1,1,2,2,2,1,0,12,3
629,2,11,4,3,3,2,2,1,1,1,1,1,2,1,2,1,1,6,4
2031,4,35,3,1,2,3,2,3,2,1,3,1,4,4,4,2,0,8,3
807,3,-98,-98,1,1,1,1,4,1,4,4,4,4,2,2,5,1,1,1
2471,2,11,3,1,1,2,2,2,2,3,3,2,2,2,2,2,1,6,6
926,4,16,4,1,1,3,2,1,2,4,4,3,1,2,2,1,1,1,4
1306,3,35,4,3,2,1,2,2,2,1,2,1,4,2,4,2,1,6,3
170,2,-98,3,3,3,4,2,3,2,2,3,3,4,4,4,2,1,1,3
116,2,1,3,4,3,3,4,1,1,2,3,2,2,2,2,1,1,6,1
292,2,12,1,3,4,3,3,1,1,1,3,2,2,2,4,2,0,12,6
1281,4,13,1,2,2,3,3,2,2,2,2,2,4,4,4,2,1,1,3
2064,2,33,1,3,2,3,3,3,2,2,3,3,4,4,2,1,1,6,4
344,2,1,4,5,2,3,3,3,3,2,4,2,4,4,4,4,1,1,3
2465,2,-98,-98,4,4,4,4,3,3,3,3,3,5,5,5,4,1,6,2
653,2,11,3,-99,-99,-99,-99,-99,-99,-99,-99,-99,2,5,5,2,1,6,4
1983,2,5,1,4,2,4,3,3,2,4,3,2,4,2,2,5,1,6,4
690,4,1,1,3,3,2,2,1,1,1,1,1,1,4,4,1,0,1,4
883,5,13,3,4,5,3,4,1,1,1,2,1,2,2,2,2,2,1,6
791,4,1,5,2,5,3,1,1,1,1,1,1,2,2,2,1,0,12,5
2272,4,11,4,2,2,4,3,3,3,4,4,2,2,4,2,4,1,6,4
1402,4,13,97,3,2,2,3,1,1,1,1,1,2,4,2,2,0,12,5
1599,2,96,4,4,4,4,3,1,1,4,1,4,4,4,4,2,1,6,2
913,2,4,1,3,4,3,3,3,3,3,3,3,2,4,2,4,0,8,4
1950,2,4,3,4,4,4,4,2,1,2,3,2,1,2,2,1,1,6,4
814,2,-96,1,3,3,3,3,2,2,2,2,2,2,2,2,2,0,12,3
1344,2,13,1,3,3,3,4,1,3,2,2,2,4,4,4,2,1,6,4
154,2,17,3,2,2,2,2,2,2,2,2,2,4,2,2,4,1,1,3
695,5,11,4,1,3,2,2,2,2,2,4,2,4,4,4,2,0,8,4
495,2,13,1,4,4,4,3,4,3,2,3,2,5,4,4,2,1,6,3
2395,1,36,3,4,4,3,4,3,2,3,3,2,4,4,3,2,-1,-1,3
1299,4,27,2,4,5,4,5,3,2,3,3,2,2,2,2,2,1,6,6
756,1,1,3,5,5,5,5,2,1,2,1,2,2,2,1,2,1,6,3
1006,4,19,4,3,4,3,2,2,1,2,2,2,2,5,4,2,0,12,1
821,4,37,4,2,1,2,2,1,2,1,2,1,2,2,2,1,0,8,4
180,2,13,97,2,2,2,3,2,2,2,3,3,4,4,4,4,0,8,3
1955,1,1,3,1,2,3,3,3,2,3,3,3,2,2,2,2,0,7,3
1341,4,20,3,4,3,1,2,1,1,1,1,1,4,1,4,2,0,8,5
1062,4,32,5,3,2,3,3,1,1,2,1,1,4,2,4,4,0,12,4
2466,4,1,4,2,1,2,2,1,2,4,3,1,4,4,4,2,1,6,3
1535,2,13,3,5,3,4,3,2,2,4,2,2,1,5,4,4,0,12,3
516,2,-98,1,2,3,2,5,2,2,3,2,1,2,2,2,2,1,6,4
663,2,13,1,3,2,2,3,2,3,2,2,1,2,5,5,2,1,6,4
189,4,30,3,5,4,4,5,1,1,2,4,3,4,4,2,2,1,1,4
2556,2,96,2,4,5,4,3,4,3,4,4,3,5,5,5,5,0,12,1
1357,2,96,4,3,2,2,2,2,2,1,3,2,4,5,4,2,0,12,2
1520,2,-98,3,4,4,3,3,2,2,3,3,2,4,4,4,2,0,12,4
1848,2,6,1,3,3,3,3,3,2,4,2,2,2,2,4,2,0,8,6
104,4,13,5,5,5,5,5,1,1,1,1,1,1,1,1,1,0,12,5
1807,2,11,3,3,3,3,3,2,4,3,3,2,2,2,2,1,1,1,4
258,2,4,3,5,4,4,3,1,3,2,1,1,2,4,1,1,0,8,1
1563,2,35,4,5,5,2,5,2,2,3,2,2,5,2,2,4,1,1,4
1999,4,11,4,1,1,1,1,1,2,2,2,2,1,2,4,4,0,12,4
178,2,16,3,1,1,2,2,1,1,1,2,1,4,2,4,2,0,12,5
263,2,20,2,4,4,4,4,1,1,3,3,2,1,4,2,1,1,1,4
767,2,-98,-98,2,5,3,3,1,1,1,1,1,2,2,2,2,1,6,1
2487,2,16,5,3,4,2,5,2,2,2,1,1,2,1,4,1,0,8,5
198,2,16,4,3,3,3,3,2,2,2,2,2,2,2,2,2,0,12,3
1423,2,30,-98,2,2,4,1,3,3,2,4,4,2,1,1,4,1,6,2
377,4,19,3,3,5,4,3,2,2,2,3,2,4,4,4,4,1,1,1
95,2,27,-98,3,3,3,3,2,2,3,2,3,4,2,4,4,1,6,4
2417,4,19,1,1,1,1,2,2,1,2,2,2,2,4,2,4,2,6,3
2194,2,11,1,3,3,4,4,3,2,2,2,2,2,4,2,1,0,12,4
400,2,5,3,3,3,4,4,1,2,2,4,2,5,5,2,5,1,1,3
2164,3,20,97,1,1,3,3,1,2,2,4,2,1,1,2,2,-1,-1,3
313,2,36,4,5,3,4,3,2,1,2,1,3,2,4,2,1,0,12,4
2615,2,4,1,3,3,4,4,2,2,3,3,2,2,4,2,2,1,6,4
2523,1,-98,4,4,4,4,4,3,3,2,3,2,2,2,2,2,1,1,4
683,5,16,4,2,2,2,1,2,1,2,4,1,2,4,4,2,1,6,2
143,2,4,1,3,1,3,2,1,1,2,2,2,2,2,2,2,0,12,4
1856,1,11,3,2,4,4,2,2,2,2,3,3,2,5,2,4,1,1,4
242,2,6,3,3,3,3,2,3,3,3,3,3,5,4,4,2,1,6,2
1519,2,13,4,4,3,3,3,2,2,2,2,2,2,4,4,2,0,8,2
684,4,11,3,2,4,2,2,1,1,1,2,1,5,5,5,5,1,6,6
952,2,1,3,2,2,2,2,2,1,2,2,2,4,2,4,1,0,12,4
1353,4,20,3,4,2,4,4,2,2,2,2,2,2,4,2,2,0,12,5
1883,2,30,6,2,3,4,3,2,1,4,3,1,2,4,2,4,1,1,3
726,4,96,4,1,2,2,4,2,3,2,4,1,4,4,4,4,0,12,1
2589,2,16,97,2,3,2,2,2,2,2,2,1,4,4,4,2,1,6,4
342,1,11,1,4,2,3,2,2,3,3,3,1,4,5,2,2,1,1,1
1998,4,11,4,5,5,3,2,4,4,4,4,2,1,4,2,1,0,12,5
2517,2,96,4,4,4,4,5,1,2,2,1,1,2,2,2,4,0,12,1
222,2,1,4,2,2,4,4,3,2,3,3,3,4,2,4,2,1,1,1
782,4,16,4,2,4,2,3,2,2,1,2,1,4,4,2,2,0,12,3
1548,2,14,3,3,2,2,3,2,2,4,4,3,4,4,4,4,1,6,3
1312,2,34,1,3,2,2,2,2,3,2,3,1,2,4,2,4,0,12,5
1888,2,1,4,3,2,3,2,3,2,4,4,2,4,4,4,2,1,1,2
1696,2,16,3,3,3,3,4,1,1,2,2,1,2,4,4,2,1,1,4
783,4,13,3,3,3,4,3,2,2,1,3,2,2,1,2,4,1,6,3
1792,2,-98,97,2,2,2,2,2,2,2,2,2,4,4,4,2,1,6,4
1107,2,13,2,3,2,4,4,1,1,3,4,2,1,2,1,2,0,12,6
1612,4,1,1,4,3,3,3,3,3,2,2,2,2,4,2,4,0,8,1
102,5,11,3,2,2,1,2,2,2,2,3,2,2,4,2,2,1,1,1
384,2,4,-98,3,4,4,4,3,3,4,4,4,1,1,1,4,1,1,1
2196,1,1,3,5,4,4,4,2,4,4,4,3,2,4,2,2,0,12,3
70,4,16,1,2,3,2,2,2,2,2,3,2,4,4,2,2,2,6,2
2076,2,13,2,2,2,3,3,1,2,1,1,1,2,4,4,1,1,6,4
1914,2,4,1,2,1,5,4,4,3,4,4,4,5,5,4,4,0,8,1
1879,4,16,3,1,2,2,1,3,1,2,2,1,1,1,4,2,1,6,2
1864,4,13,1,4,4,4,3,3,2,2,1,2,2,1,2,4,0,8,5
917,5,17,97,2,1,2,2,2,2,2,3,1,2,2,2,2,1,1,3
1616,4,16,3,3,3,2,2,2,3,2,2,3,2,4,4,4,1,1,3
1280,2,11,3,4,4,3,3,2,2,2,2,2,2,4,2,2,1,1,2
1874,2,16,2,4,4,3,2,2,2,3,3,2,2,2,4,2,0,12,4
1459,2,16,3,3,3,3,1,1,1,1,2,2,1,4,4,2,1,6,4
94,4,11,3,1,1,2,3,1,2,3,4,1,2,1,4,2,1,1,1
2066,1,18,3,5,4,3,4,3,2,3,4,3,2,4,2,4,-1,-1,5
815,2,96,3,4,2,3,4,4,3,3,3,2,2,2,4,5,1,6,1
